create database CookZilla;
use CookZilla;
-- MySQL dump 10.13  Distrib 5.7.11, for osx10.9 (x86_64)
--
-- Host: localhost    Database: CookZilla
-- ------------------------------------------------------
-- Server version	5.7.11

/*!40101 SET @OLD_CHARACTER_SET_CLIENT=@@CHARACTER_SET_CLIENT */;
/*!40101 SET @OLD_CHARACTER_SET_RESULTS=@@CHARACTER_SET_RESULTS */;
/*!40101 SET @OLD_COLLATION_CONNECTION=@@COLLATION_CONNECTION */;
/*!40101 SET NAMES utf8 */;
/*!40103 SET @OLD_TIME_ZONE=@@TIME_ZONE */;
/*!40103 SET TIME_ZONE='+00:00' */;
/*!40014 SET @OLD_UNIQUE_CHECKS=@@UNIQUE_CHECKS, UNIQUE_CHECKS=0 */;
/*!40014 SET @OLD_FOREIGN_KEY_CHECKS=@@FOREIGN_KEY_CHECKS, FOREIGN_KEY_CHECKS=0 */;
/*!40101 SET @OLD_SQL_MODE=@@SQL_MODE, SQL_MODE='NO_AUTO_VALUE_ON_ZERO' */;
/*!40111 SET @OLD_SQL_NOTES=@@SQL_NOTES, SQL_NOTES=0 */;

--
-- Table structure for table `Event`
--

DROP TABLE IF EXISTS `Event`;
/*!40101 SET @saved_cs_client     = @@character_set_client */;
/*!40101 SET character_set_client = utf8 */;
CREATE TABLE `Event` (
  `eid` int(11) unsigned NOT NULL AUTO_INCREMENT,
  `gid` int(11) unsigned NOT NULL,
  `etime` datetime NOT NULL,
  `elocation` varchar(45) NOT NULL,
  `edescription` text,
  PRIMARY KEY (`eid`),
  KEY `gid` (`gid`),
  CONSTRAINT `gid_Event_GGroup` FOREIGN KEY (`gid`) REFERENCES `GGroup` (`gid`)
) ENGINE=InnoDB AUTO_INCREMENT=6 DEFAULT CHARSET=latin1;
/*!40101 SET character_set_client = @saved_cs_client */;

--
-- Dumping data for table `Event`
--

LOCK TABLES `Event` WRITE;
/*!40000 ALTER TABLE `Event` DISABLE KEYS */;
INSERT INTO `Event` VALUES (1,1,'2016-11-15 10:16:38','central park',NULL),(2,2,'2016-11-09 14:13:06','bryant park',NULL),(3,1,'2016-12-15 08:17:05','Wall Street',NULL),(4,1,'2016-11-25 11:05:02','Roosevelt Island','llala'),(5,1,'2016-11-26 00:00:00','brooklyn bridge','cool');
/*!40000 ALTER TABLE `Event` ENABLE KEYS */;
UNLOCK TABLES;

--
-- Table structure for table `GGroup`
--

DROP TABLE IF EXISTS `GGroup`;
/*!40101 SET @saved_cs_client     = @@character_set_client */;
/*!40101 SET character_set_client = utf8 */;
CREATE TABLE `GGroup` (
  `gid` int(11) unsigned NOT NULL AUTO_INCREMENT,
  `gname` varchar(45) NOT NULL,
  `gnumber` int(11) unsigned DEFAULT NULL,
  `gdescription` text,
  PRIMARY KEY (`gid`),
  UNIQUE KEY `gname` (`gname`)
) ENGINE=InnoDB AUTO_INCREMENT=3 DEFAULT CHARSET=latin1;
/*!40101 SET character_set_client = @saved_cs_client */;

--
-- Dumping data for table `GGroup`
--

LOCK TABLES `GGroup` WRITE;
/*!40000 ALTER TABLE `GGroup` DISABLE KEYS */;
INSERT INTO `GGroup` VALUES (1,'Park Slope Cake Club',NULL,NULL),(2,'Some forks',NULL,NULL);
/*!40000 ALTER TABLE `GGroup` ENABLE KEYS */;
UNLOCK TABLES;

--
-- Table structure for table `Ingredient`
--

DROP TABLE IF EXISTS `Ingredient`;
/*!40101 SET @saved_cs_client     = @@character_set_client */;
/*!40101 SET character_set_client = utf8 */;
CREATE TABLE `Ingredient` (
  `rid` varchar(13) NOT NULL,
  `iname` varchar(45) NOT NULL,
  `iquantity` double unsigned NOT NULL,
  PRIMARY KEY (`rid`,`iname`),
  CONSTRAINT `rid_ingredient_recipe` FOREIGN KEY (`rid`) REFERENCES `Recipe` (`rid`)
) ENGINE=InnoDB DEFAULT CHARSET=latin1;
/*!40101 SET character_set_client = @saved_cs_client */;

--
-- Dumping data for table `Ingredient`
--

LOCK TABLES `Ingredient` WRITE;
/*!40000 ALTER TABLE `Ingredient` DISABLE KEYS */;
INSERT INTO `Ingredient` VALUES ('58472ecb001d5','mashroom',424.5),('58472ecb001d5','salt',0.5),('58472ecb001d5','sugar',5),('5847302218e09','salt',1),('584732be7985a','pepper',84.9),('584732be7985a','salt',0.5),('584732be7985a','toufu',100),('5847335393d21','apple',100),('5847335393d21','honey',28.3),('5847399c49feb','pepper',10),('5847399c49feb','salt',0.25);
/*!40000 ALTER TABLE `Ingredient` ENABLE KEYS */;
UNLOCK TABLES;

--
-- Table structure for table `Join_Group`
--

DROP TABLE IF EXISTS `Join_Group`;
/*!40101 SET @saved_cs_client     = @@character_set_client */;
/*!40101 SET character_set_client = utf8 */;
CREATE TABLE `Join_Group` (
  `uid` int(11) unsigned NOT NULL,
  `gid` int(11) unsigned NOT NULL,
  PRIMARY KEY (`uid`,`gid`),
  KEY `uid_JG_GGroup` (`gid`),
  CONSTRAINT `uid_JG_GGroup` FOREIGN KEY (`gid`) REFERENCES `GGroup` (`gid`),
  CONSTRAINT `uid_JG_User` FOREIGN KEY (`uid`) REFERENCES `User` (`uid`)
) ENGINE=InnoDB DEFAULT CHARSET=latin1;
/*!40101 SET character_set_client = @saved_cs_client */;

--
-- Dumping data for table `Join_Group`
--

LOCK TABLES `Join_Group` WRITE;
/*!40000 ALTER TABLE `Join_Group` DISABLE KEYS */;
INSERT INTO `Join_Group` VALUES (1,1),(2,1),(3,1),(4,1),(1,2),(3,2),(4,2);
/*!40000 ALTER TABLE `Join_Group` ENABLE KEYS */;
UNLOCK TABLES;

--
-- Table structure for table `Link_Recipe`
--

DROP TABLE IF EXISTS `Link_Recipe`;
/*!40101 SET @saved_cs_client     = @@character_set_client */;
/*!40101 SET character_set_client = utf8 */;
CREATE TABLE `Link_Recipe` (
  `rid` varchar(13) NOT NULL,
  `rid_link` varchar(13) NOT NULL,
  PRIMARY KEY (`rid`,`rid_link`),
  KEY `rid_link_LR_Recipe` (`rid_link`),
  CONSTRAINT `rid_lr_recipe` FOREIGN KEY (`rid`) REFERENCES `Recipe` (`rid`),
  CONSTRAINT `ridl_lr_recipe` FOREIGN KEY (`rid_link`) REFERENCES `Recipe` (`rid`)
) ENGINE=InnoDB DEFAULT CHARSET=latin1;
/*!40101 SET character_set_client = @saved_cs_client */;

--
-- Dumping data for table `Link_Recipe`
--

LOCK TABLES `Link_Recipe` WRITE;
/*!40000 ALTER TABLE `Link_Recipe` DISABLE KEYS */;
/*!40000 ALTER TABLE `Link_Recipe` ENABLE KEYS */;
UNLOCK TABLES;

--
-- Table structure for table `Rate`
--

DROP TABLE IF EXISTS `Rate`;
/*!40101 SET @saved_cs_client     = @@character_set_client */;
/*!40101 SET character_set_client = utf8 */;
CREATE TABLE `Rate` (
  `rank` int(1) unsigned NOT NULL,
  PRIMARY KEY (`rank`)
) ENGINE=InnoDB DEFAULT CHARSET=latin1;
/*!40101 SET character_set_client = @saved_cs_client */;

--
-- Dumping data for table `Rate`
--

LOCK TABLES `Rate` WRITE;
/*!40000 ALTER TABLE `Rate` DISABLE KEYS */;
INSERT INTO `Rate` VALUES (1),(2),(3),(4),(5);
/*!40000 ALTER TABLE `Rate` ENABLE KEYS */;
UNLOCK TABLES;

--
-- Table structure for table `Recipe`
--

DROP TABLE IF EXISTS `Recipe`;
/*!40101 SET @saved_cs_client     = @@character_set_client */;
/*!40101 SET character_set_client = utf8 */;
CREATE TABLE `Recipe` (
  `rid` varchar(13) NOT NULL,
  `uid` int(11) unsigned NOT NULL,
  `rtitle` varchar(45) NOT NULL,
  `rserving` int(2) unsigned NOT NULL,
  `rdescription` text NOT NULL,
  PRIMARY KEY (`rid`),
  KEY `uid` (`uid`),
  CONSTRAINT `uid_Recipe_User` FOREIGN KEY (`uid`) REFERENCES `User` (`uid`)
) ENGINE=InnoDB DEFAULT CHARSET=latin1;
/*!40101 SET character_set_client = @saved_cs_client */;

--
-- Dumping data for table `Recipe`
--

LOCK TABLES `Recipe` WRITE;
/*!40000 ALTER TABLE `Recipe` DISABLE KEYS */;
INSERT INTO `Recipe` VALUES ('10',3,'Daddy\'s secret dish',3,'lots of tuna'),('3',1,'Good Stuff',2,'broccoli with shrimp'),('4',3,'Zuo Zong Ji',3,'it is actually chicken broccoli.'),('5',5,'Tasty Soup ',1,'Cheese Soup'),('58472dba0bee1',2,'daddy\'s favorate',3,'good stuff'),('58472ecb001d5',2,'mommy\'s favorate',3,'very nice'),('5847302218e09',2,'a',1,'a'),('584732be7985a',2,'my favorate',3,'best'),('5847335393d21',2,'lalalala',5,'should be good'),('5847399c49feb',6,'lalal',3,'good'),('6',2,'cool food',3,'Broccoli fried rice.'),('7',2,'Key lime pie',2,'Key lime pie, cake.'),('8',4,'Grandma\'s Fettuccini Alfredo',3,'nobody know what that is'),('9',2,'Some fish dish',2,'mainly tuna, some vegetables');
/*!40000 ALTER TABLE `Recipe` ENABLE KEYS */;
UNLOCK TABLES;

--
-- Table structure for table `Recipe_Picture`
--

DROP TABLE IF EXISTS `Recipe_Picture`;
/*!40101 SET @saved_cs_client     = @@character_set_client */;
/*!40101 SET character_set_client = utf8 */;
CREATE TABLE `Recipe_Picture` (
  `pid` int(11) unsigned NOT NULL AUTO_INCREMENT,
  `rid` varchar(13) NOT NULL,
  `content` mediumblob NOT NULL,
  PRIMARY KEY (`pid`),
  KEY `rid` (`rid`),
  CONSTRAINT `rid_rp_recipe` FOREIGN KEY (`rid`) REFERENCES `Recipe` (`rid`)
) ENGINE=InnoDB AUTO_INCREMENT=15 DEFAULT CHARSET=latin1;
/*!40101 SET character_set_client = @saved_cs_client */;

--
-- Dumping data for table `Recipe_Picture`
--

LOCK TABLES `Recipe_Picture` WRITE;
/*!40000 ALTER TABLE `Recipe_Picture` DISABLE KEYS */;
INSERT INTO `Recipe_Picture` VALUES (5,'58472dba0bee1',''),(6,'58472dba0bee1',''),(7,'58472ecb001d5',''),(8,'58472ecb001d5',''),(9,'5847302218e09',''),(10,'584732be7985a','\\\0JFIF\0\0`\0`\0\0\\0C\0		\r\r\r\r\Z\\0C\n\n\0\0\0\"\0\\0\0\0\0\0\0\0\0\0\0\0	\n\\0\0\0\0}\0!1AQa\"q2#BR\$3br	\n\Z%&\'()*456789:CDEFGHIJSTUVWXYZcdefghijstuvwxyz\\\\\\\\\\\\\\\\\\\\\\\\\\\\\\0\0\0\0\0\0\0\0	\n\\0\0\0w\0!1AQaq\"2B	#3Rbr\\n$4\%\Z&\'()*56789:CDEFGHIJSTUVWXYZcdefghijstuvwxyz\\\\\\\\\\\\\\\\\\\\\\\\\\\\\0\0\0?\0E\'+\0\8\\ܕ\\\Ou?\P\:Й\\0?\*]\\s\05b+}irF\0Hg^3g\\o\\\\\>f\[iOPƚGPM	\r\\9\7ҋ`\L=?x\\Qq\\\\;P\\\?oyɺ7\ަ\\{\0\\#Os\\\\?\4\;\@}\\\\V\0\ZS=^.&\\0=O\]і\c\08\\\\\V\0\ZU?7oc\\J\0z\t\\\sh\\H..G[\0][ip\ZE`\@}\\0ljƜng\\0i@@ tՔ\\\\\\0\Zd*\\M\\\B\2Sh\\\\0\\\\7҉\3O\\\P`hrI\\0L.go񡮮:\0][j-\zPNނU\0?\i\0\0Mj 22)\\'I \7\0d\\O\4o7Xȸ\\9\H\\hQqr\\0J\\\K7\9$t\P\NALRr1(b\0Y\\\\z[Bzc8cH$\\pS?JB=)W M(\s@\~^;S\3\pG\0ZV\Z\b\wcX~u=M\0;O=)0j@ژ\\0\\\#i\0\4lwm\i\(bi$DE,\\\\0RM2Eh\du*\p\F\n\ƀ\02{\0t|\AM\0<8\<U#s`vps\@L0ribcY\08\I~U\J\4\R\0`\cڕU8$\}(\9\\sɧu%܁@\:4d0T8\\09[dzΚ1\w)\\0>8\\^s@8]\3jZQPX\'\0{S{8\M\ph\<N@pz\C޴\a@\n\\ҵ|!\mw\3\A\6MB\\AeT[\*oɧI\!5T[\'E9\0պѹ+\#Ixt!jQKq<|\Gk\γ\\~\֚i8xA$\\0jx\×i\\"\mm\\͑FO5\SM\u6\GH\̺/,n\rqS\\Α\HluV\UK\c0\nq\|8\#\l\0M%\Ki[|a9\\Ax\\\0%	ԓ\\]ϯN\CK\0ZA|\'\:]Q^}3W\B\2$C\\m\'A#\p\Z,tz\\rCq-\";ir2\\\k\wb\<9r\OAn/4x#|\\\!u\rk\Uh\*\\\\]X``ƾ\#\\c\o\Z;~~GBϤ|\Oͭ\zυ4\ XvA\1[f9\0#\WI\0?u?Zx\\ZM\\tR;\\"\0~\\O={\	+kZ}-4ws\>N\#\:d\\\mJ\̲mPs\8\\\ͳf+%ZZiv\\\0>o\\]f\\\|K\`|Sd\Z}\\v\n\HP2N;W\C_O|^h\\|a\!R\0h\\ 9\=Onk\\+QѭukᱽH0:AW\|9a1x(ƍNgu}\\ni\Q\[{gҎ2\RrX\WНՎaڇlF+\\0f\0ŷԚ\\ĥΧ)Lϖ\@9lZW\=\\-<c\\\\6\\Ҳ\[U\\\\r\0\\iI}\~\RN3\n\\?\nn\-\i\$eu`\i3@5\j&w$\0!\Nx\\0\ù?9$`j<\\r\\0<\\\0\\#*FFOQץ\0&n(ǿ\HO\0\&\:S@\GJ\0\0\\0(\J8\@\8.zW\^!\jx\/Ŭ\QNP#܄19=jſO+\7>ye˾;McM=de?\KںN^]\0B9\7)zu^i\\_E\&ߠ\ʚU\Euӯ\&P{\\G\kŵO\L\r։xWVQp\h\\\'9Z\\TW)j};|\Zy\?\0\N\ow\\\0$\rd \k\\ii#\0K\;+}y\'\\|0\`\x\4z\\M\yf3\\q\}\(\\0dڿ*Hs\~9\!կ8\\\Օ\n\\\}xX=1\t<\\|\2\{\*q\\v-OG\Xd\\\\"&\a~\x.x;:OCy㉾Rx\ \\\wмEsQg+\'!{u\\k\m\uZ_\<\\\\'|\59l4K\^#\$+[\'y=*\0ů?`]\\=:\s|\󝔉\\e\0s\\z&H\sH[9\ A\|U}XE\\\v\\"\\|&\'}Zn<\^I\]tҞ\"tȷ\{,y\|SgzbA\\֌0\d\JHMy<_il \U$\d\yf\ukKJK+\0\\Gn\|UZ\eVg!\F\=O^bfr:\Jm4.j\b\M\\\md壉\\\O-s{\\|G4~\\\\\\lFyU*r\=q\\:\\\\\nb	q.PA;D\'\0d\\|p\\9^\0#S+*ªxh\\0rk\0^\"hԣNꝝ\*j5$S\\m+{W~̟/>(횶4	YKP\%\ß&\r{oSL~)\\>M\c5؉$\\Ymя9#9ld\E}[Gᶭ\iv:o--\~\>\7rrrs\<xXʕ\\H\~G\b+qU\o\:߀zw-f\K\-\6ֺnrs$\\$x\(V6\\Z<<ٛO%\ƌ6?PhSXjzմ\N(r~U	8\A5g\\Ïڈ&\\Ia#\<bFG 8jU\cW+\\˾	ԯQ]k\0H\\\Z֗\[\\2?4dz\sY\\\w\w\\7W4\P\\\d\{U\0<\\Ԕ6l}oep\^84\\oґ##P\'\0;ޜ6\Ri\\"{bq\R)	6縤dP~[$\0\\z\0\O	8\ޡe \9J\8#\\[[\_x?\n!~j\<\\\0x!!K`	8澞gEA>\A\K\\0\<\M\\'?$l>PN\\\\\'~\0&O\r\\\lu\ֱ\'e\0̽\n_^Mx<AR:\\\\\/;ã-\9%a\I컳\\r`m\_\֗<\\j-\Z@\\oO5ܴxN:\w\x_\m|+hRi\*&eEtRU\\_$|V)\ͮt!{u6*\o\06\\g+?x\\~)\qyf\۵\ⴒƁI\n8\0\|^,e̓\\\_o\\Gc2<R^^\\%\?\~#U\]KT\_^y>sy$\1~͹b\#{\nw~B\nb\Z\0\ze\,\K\\`l?]\.(\le\|\0)202z\q^;\&\KggO\\0:N=8KNS]\\\>zt)^o̻\\^\.GE&\&\pҼ#\>\\Z%,5x\c=|&y#w$nrOJgIO\\垡\ZipF\NXG\y@OWns\n\\\q\SZYA\\J\\\\'sN\dc\\"sR98l)?]/oSίN2Q\\\w톦\\(YUYX\;h~\'εm\\閡\6\)OrA,\~>>\j:lZZoTw=kgA<[֚,:&jg`\\Vl9\$z5	F\ڒ\҅%\'wsƿ	|Ig%\Q\aa+\"_\>iAHny\U\~.\\v\3\\t\׽{\'F\\KL{K\qlRWMԀ7\'9c\́\Z\R\>2[{\"\\3F\\BQ\&j8\D*6Ք[z\0Z\Z>`\'¿̒xkĲ_Ge\\'\c~+ʼ3\g\.öVSl2<v\\6u\@\\:Ͳ\XM`#s\~0\\/\u\\X7\\!~l\\5Y~}N\\ŤR}\֖^ǣyI\0o\r|o\\x:\\t\Kwɽ\#W\w33\0\0\0\V7\\mxA\~!\4\i$0Kh#\nb\]	\c\\0\-j?\r\k\\Z\\Z֚\FY\B\\p^Cy7Y֬\%;`ԡiH\X7޼\QC\b$ں\mU\Ow\86T^`\~7\!$ՂJ\0pW\\\[98<A\o\y-\Ik&c\\\\C\"u\]^t\gïZJ˪\I#>	hlm=w 0k[@\\\O[\G)VIuRcTP\o\\тN\֋}0ԕT]mGʖ>M5ui\if[)<\FK\\0ޱ;FEK@N\\ak\_\W@v\\\'Pb\*],,O\e\\N\\aeEǪk]:\z>ɞ,\\gSDS9搧sR\# O5Y\ޞi\1\4:RY:`B\zo~)\\0\u\01֘rc7r?\nHe\?!>83.~\(a\pSN)I,+ٿd\\rT\Rș[\Z\\sb4%Z\X<-L]xЧl~\?n\\\7ѕ 4K\\fa#O\0`n\һ\0\\Zq\\+\r\c?q3\v\xfYXXNuGGa2<\\\e\\\5\\`ds]]oĐ\\gq:Kk$NT\׊\\\\\w֗e~\\\%\k\'R\5}[\\iEĹ%cg=\0\d\?\x\\\\#\\OZ\N\\ֱ2k^#+#͞Nz\X,\WM\\-4\ E<\\0\>i}$6#L\3.v\tWUֵ\Յ\E;1\"2Q8\qߨ\Ey\eN\H\+It=;C \kvͭ=NKn7\\\t\0+)Gi\\\\7_¯x\Z?\c\>|]J\c\l$dk\|_\\"TtgH\VQ?Ŏpx\,<i\u*\w<gAF\dyԮ\s\\\\$\	*\0sª\\\1E֖n8dq(\\\\0Jߋ^\<U&\\\j\r\@\\I=\k\\\ͫQ	X\\\\\}p	\|\Zږ\"ИҌ\;ُ\7j2*3<L\o\xR\d\^-	}[jֶ\Ye\2OVp \\\=+I>\\\\\\'+dQl2W\8cۯ{|Oc\vL^-Xʥ@Ǧ\y\9#0\Ԕekz\U%Y\\v_=C\Z^i\\FdR\ZE\\mˏzG苫x.im^	\0a$0\qڼ\6&\H-\K;ۈ˱\'8a@\0\n\/jGíayQQ$1-1\0m+z\zVJ\8\KO=\3\cVqxTuMuGu\\nK\{\MV\Kx.ȶDp\n\0T}\\T\r\0+O\o!O[\\"DIHld\c\\>\[M:Y}SȴDX՝\-\Ӿ>\m{\\IX\ch:+g#Ӟ+׭a\Zӽ\}4\,Kp+mu|%M\5\\\F/N\BJ8\yknK3i\K`&\\۸/![\x\k\Da\r\Re:pw@\\SiW\N+\ ]\\A\72	\\%G>Y>y\n7u\\$^_\ru\4=M\\0\\.3I\L\\_/V\źK\,T\[F\0 c \~#&iY\\K\b\\\A\\\|SN\\rO̍\G_\\\d\,ח_\nns=;h|Z\\0\2Gj{\\[\0I\\sgrnHY\\iwVRl\W\\F%k3\Jou\ޖT8\WET\"\}E2)e*\ϧ]\Ps\F1ۭh쁛\\[Xc;8#,3T\jOR>\/b(\\[	\K*\_M|)<nUymڜɈB[((rGqsl]\7\\\oA^ul΅5\Z\osw\\Y}*V\4\d+@D\<g}5\\\\M\"K%g v\\0{Wq\-gM]:\\K{i.\1$1\`\Bד\R-&Ad{\n;\+fi\~\\Y,Nx\0\$Bs\1\5\%\\ֵ`\n/>2\\I7)8׹*\\l\cP%BA9RJ^𸯈\Z\k_V=9!\Y9\T\λ\"S\t6,\\\öH|\_o\)u&\fc\`\'<\\'\ҧ\amyq\\:6w WuGu\\r*[]I5CB;;Qpbsu\0J\i2K \\0{W-yǙr>S\\{\ZhNid	k~J E\0 \\5G\E\Y\弳\$w\0mh8j\h.`\Q\GxH@\08ϦO8\OW@/J\\\ZwM\\yE\ZR\-y\\:]Σ[K3ذP1?h.\\"A8$\͊~\<h\\ƫ3}\\\\^Yn\8\r#ě7\0\\9\5\\\Z\\yQ\\\Z\\Q>~K\\>Q\/i$?\CxZQ\ZjWZOub8tscq,9%n\'=8⸻\\7O\E;	p\\۴\z^,\6(q\\;Ʈ\\\\\\~Ա.Mթu\\~Gkys\\nW~-i:ndViʗa@\ےB_z\^X-\s/_^:gs0Ho9\:W\z[\Z.\\y--oT\!>vu\\}\"\\o(\c溕$UO\\\}~\\\AU]r\"m\,\'\fI!P2@\0\\i\#K\AʢM*\\\3\\\ě\c\\]j\G8I\F\\#Y\mop\%\rj7	 m9\1Cqe\cMlzw~3\r\\\}	=\h0\ߜ\\\g^|U\\,	mWo0\\' \w91^%\I\W\\(VDs\k\c\dg\4IE\\0\\ַos\{u]\f\"\T<ֲ<]xU5ؒ\]H\'\F \\	\:\x\,\\N-\0#<)j\\nad}jU\菱~\\Zvi2Gib\\\IA\>74ӼCE=^u2i\Xnn;L	ds1u1(\\rrkі\RXd)u2\\'*2\>\⏲BU0Wd\Ϸ\|B~\\Zǂ#\5q-\*Z<n\x;\m4۩Bux\f\_wVaxb\@ʮcvT:lZ&J,8bDr&1\\01__\,M\nN.\\O\n2\\GFQ<z\_f|{y\߈\"i#h \0=\\-Yh߈\J\nL!\_RzW\eG\S\\\5u˖H,\rB)M\q\\\w7C\.\uw\`\`O&a8ĦO^\>\x=\_\\ߢbXZd4\\c=\\f7 h\7ɯSV\agt|k\9.)4^7I.\Z4%NHC^\\.\\\klbIW@k\(_InCЭٵf=%Qc>Jvfylq\־\"\Ģ\Npٮ<\FQ\-\\\cR,\켽{JQ˂TRJO.UI#\\E\\\\\d\m\3\`\8:\t\\\a@\0\r{\ZcxX\_\\4$yN!R3`\\9l|Li5\_R9\ɰ\û2\\E \H\׏j\~ .\M\\;/!9D\`s\2\ds\gc\Bynl\\lWzO[y<^\^}\'*\M8l/#ҟ\g\_\8\\\;l\3*-l\\\F\\\-m>ï\\vˉH\y\0S\\\X)~9:\M?ö1\f\\wP\0p0;t<\\\RrnV\\ֳ\0V{,3pd\fnnG6\\\\T\UC\"\"M\h\\]hs\g\\\\0\J\s}\\\n+GLٮe H͇r8 uэ\\N\!\0\w\tSnG5JKq0\\\CK*IgP\'֢[\	SʉH۸\NrG֮mU%MN\\~*?\nJ,jL\Ѓ\c<dW7|\V\/1-\\8\\\jsT\\.\\nۋ\$~@z䧅|\\sx\\+\Z\omV\n\'ޡ\5}=C$0</j#\\m\X\\8XqT>Ɖj&w \\Zzsŵ.h\Zɬ\K9\\\\)#Gӥ*[\Njj0\l-U9F\0\v{dk\*Q[j\\\9$l|wn[ɉs\\jѵ,Kx\#>_x]\\\0\r\\Z\\r\fPH?e5\Y]32\\3+t.Xs\c\W&֬%L@ \0\0\x\\ᷕ\toiä+I\3ӎ5\\>5\1\\[h\oB8\f\*ūs?\\0\M\\U:rN\+GS\W\&\Do)\yebO9cX__]h\\'p\#\\T|Mk,Y$ud\0\qLV>y>Z\C]d=\0<[Ƭ\\뮏\*a\N\\0\=sHS\+ƻՌٹ&mKO.4.9^׌~\_|S\\jY㻙C͂YT8ϯ5|1\Cƚ\\W2\4o1X᳎wǎ7.\\J\\\\\u\\\\\A\n\;Q};,S~\\YVE\8\\Z\[\tP.F_zu1T\kE~G\ns}J}k\\\o|/\<Qv\c\\~r\B_xWU\\_\\\sw[\ؕ[5իK\Y	u\\\\#͵\\\Z\\\r]nY\\X9,7u,OV8\\\y&	*Hm\\n>SSH]̪@Tw#i\0X𖩠վ\L\]y \8\\R\T⢶=zNv\|Ei\/m\2;\Z$\\=\σCo%\Basy\0rd\\\\Fl:cWuB[-\ѴZQx\@TUrpiAAIHy\;ɮ\'*Jl\\ej:\\y\a%;px]\!唓#H{	Y\fwU(A\\{sJO9jȝJ,\n1Lg&x]Ldp>U\r@\n\\0\Ķ;Q\\K\XR\x{\/w\\\^yaj7hh/iEs\rֵ$3\H-\mH5PG\0Z\BHI\Vv%H8\0\nԹ\d=#H>ii&sT\$R[\ZoӰJo\\܏<ܲ\TE\$LJ\0\\\\s֜(jw\r-}\<8v\>k\<I\\O\0]g:\\ \!Y\\\\"\nkof2U\Z&ԥa\\֣)\b\\8\0\\Z\&u$~ʑ\q9c]ݳں98%\\.	\ހw5p싏=Mn`il,~QY9\0zл4q\ԓ֟q\Z9\d2H\,`cZo\\\,A 8=\i\~\\\厲3\.%aY?rsO\]\A<d\8\zUXn^\\\U(R\\u\\	#Y\faY\+g8\\5aW\\\Q$gfYA\\nkW&=\W\O\x^\g\2\;R%#\"0\rsk\|/7ti\ޙk!\0+H\6:\0#\9-\KIݞ\RCpz\Z~?ZM\z7{t_#Z|7kK;AC\ HF\\\ӽq\l4\r?47\Wu\\"\&3$/g9M՝fP\>\gUx\䬶\jQ|2A0<kf2\UIF7l?\V۷G]\lfLmv\kk^9ռY}\rٲ\\3uɮc\-4pkֳ`K}\\ǵ{\m^\-\\e\v\\\S+\\'\sbsuN5wK\a\|/\\ZF\\乌ƙa\)\k\etKE6r\\l\\\;\k,(x/rH\0u\pj)My\!\v\\nR\\0^|F^\)mۯ\|NeJMYJ\_yZ2Y6̪Kp\\\\\ɱN\\r#KO\^)q\}n\r^\+0.J39\\ZɓŎ\369$I\n\:\\M\\r(\թ^ZciLqڔU\V~\l-\\"D v#a\nzZ6zq>?m\{O\z\隄rHTǶkHV\H`.vo⾍\VA$(G-agX\{w<׉jZ%\zŞVwQ!\(EPܫ9\h\u:5_*b!8t\\I<\k\p# pGЊ\Ѵaulhdm\\\f\hS$Og{2b\Wxqޮh>-\0jK;	%\b0\v;:`gaV®wӧ}\\\D\,.\4\5E\%A\\\_.4,p\>QXR{4]kRX\_\\'G\\iR\\Z\\w{6כUcņ\nYv\\XSuj4\\J1u1/<\\\mHNZ _[}ƨJ\0Ok𖁡k\(nz\B\?|py\GUn\\&YXя\rێ섕9r\\>xݭO\\	&T@̌\?n*\ݠY!\neP23\\Z}܆I6V8P]<\\U\KCsD\'!9W#\ZJ\nKVdۋQ\GkMB\)dxn\-\3M};\2\\w\\\|\\6%ܛB1\M\\Kc,W\rG\}\rrڭ	\&NA\\\\\r\V\a\\\m0(D\\Qjh\y\n9\\R$\sO?\\2Je%(\p\<:xlS>h\\0\6g\JqrI4-fm=\9&))!\*\# \z\{v\I\0by\XǿqJ\\\3BC/\"\\\GH`\Ϡ\Oʪ\Z\I\\\\!`B~tV\\9\\]3\WKo<NS?tct\\T\\B.\o\\)\0ǔA\\\\^\0c}Q\\"\DX\H\k\b{{[-V\B\лC ]\n\'jH\n=\z\\\06\\\\"\\\t\9\S\ʾw\K\i~S\ݭ\\l\[w=~\jD4%\\o}\\cc\i\\I\:\Z?gm\%[\ћ6N&\0H\/Ot\ZFp>b\\-`Wg9/\"\ZӰ+rpB\=+-cEQKIyZ\6%fD,Av\	olv0յ[M \\ru\2\l\\S\\Z6\\Z\6\1\\\|\ڤSUj>I\o\\\\r,$\9\x\\\ϫ\N\8/䳁\\j?|Z\\Fi#),\\r\0\]|1\m.\N9\VO\\'Ĳx*4>\KBeCj\<|ʬ?u潜&Y[\c*\w\\E\X\+x\\q\\\\\"\\a\'_j_\$\G橨\\Z\\(\VFVg?%\\0\S+<\c뽤\\\u2k;\G8U+\\K6\\"mٍ\\c3\\t=\L+\\gזG,\ZS\\g\aϚV>/\0xJ\\\	su5m\#}eUW\\0T`;ǽx\)xtK\ux.Pk\\,9\q_q|aSѼQ]Km\\Z=r\W?Üuϯzes\W\0ov\\6S\:\0	\8l>gmiF\o\\ZN-QNk\\U\U\@\\\|\M)i	\\?\[Z*o\b98}eV;۽\08WIg-F攙j\N@M򈱇,\%Ϣ&\+N֌6#\뵲=­xoKi팳\&\LE\\.2\\~GN)i\@#v\,n2S8\n>\bэ\JƴhIuo\Z1A)bIB0N\\g\\-d?*\4\f?\o\\0:\M8I\\p+\\0m\\ڬ<<ţ\ȧTh՞d\\!\}X+\\f4\\\v\w\N\\	R\7\y6}m.E+\;9\\қ닂㷌\wL nB\\?\r\\vj^YX\@:\@8\\\\0fOjzE^2VPfAm	#\\\\ϵ{vQFrWz%\\\akצ\쵿C\]\'ƺɣ\]mv`Ns\鎕\\\\^M<3\\\$3d+\\s\%Zέc.\w2\p\>l׽|\㟁1\0\O\\\Ԋbj6\n=sXC6\NN2+-\5y~#:q\m\\0\\I.\nI*8.6L>V\`g\ʽ+\?<u\\4\BdkID!\sr;W!qjQدndð\ǽv\xz\5%\\p\\\M*\iM\M\n1\S\{{zՋb\\\%\\ڱ\+\eMр%\RJxn$\H\;x75sjU}µ\\FTF>Q\G֩\g\$\3\K\Z(xY،\ȱoº d\i9I\|{\#RZS!k;D\\5X\ \fHʆO\\!\	\+\<ԩ[>ہ\^/͛Q3*\\Z7\Y\8\'\j\0:\'hrspHUFmUc8\\;U\Zz\Yʪ9hEڧV{\sE\\YJ.\\"\vGvl\Hp\v\e5՛ҞNs\\"\0\r}w\\\ZK5\\r\\^cn\H09=n\w\񷝰!\\"L9Z:kR\"\\k\D\`}\\շ\\2\岕?\\C}Ey5D:#;v\kt7̑L\=k\r6ڔ]\\,\R7G2Jմ\\+h\"`hV\c5\G\0<\\_5X\\魠`LdB\7r=&0:\9.\\ËԩF5)^K{[\!u\\`m$I9&<y\VQXܑ(I\\bp\dHn\T<CAyj~\;`\/%\>h\\Zu\|ŗ>J\\k)\A,\nʐG=\?h=0+0i=s_ix\\y?lL\q\\k\u/~q\\_\\?L\@\:\KNxZSmە=Uz5ߖ4\%\c	d`elc\oc\z7[\z\\/\"[h 4B\:\q^\VAajV8cb:\5\\\%\\%`lg+Z\֕%dtCMYrxwNu)T.$?4 \$t/\$%,\.F߇À\P:\?|B\۵\\a7&\08\^>#g\'o\\V&\g\YXR`\t<Q0\\0𐷈~$I\S\Ӡ%l\s;\\\q޽CqŢlw8I\w\\0\")\0XE \?\ʤiM+]\\wc0\\\\\\\7M=/J+K$4+0\N\r\'fh	\rF\' \OZ]HfC,3lw\匎\񩬠VRau<\p?Z늟2\9`͸Vv\\HP\0\0\➁\w\\\̕\F;\vO$\J\\K#8N5\R#\\mPG^s\\"qzN\r\,-UV^#h\\ZZ\*a\\\'\\\\\NNi%0\5Љ-vy\<{W\)kko\	:tҭx^Xo\ʳ/s\\g\xj\\ªz=%i\rc\<F\Zpݭcz:\F\:jy1It7,v\jU\\ں{,{H\KDh.YQ]r\re\n\.`-\w|k\e\Z.qf\\bQ\g\wz\(׭̺6|m,\\\fT\`g#q\zkM\7\\:Z¬\\<ʹauC}\]Y4\+B1W-~	x\Z\rR{ӌmǵyEKصn\\w{?>9֖\7\"^hqs.$4BwRgToɐ*F2=\ixO\G\-n2l/ˈ>ѽ\㎛{(}=\\\Z\vBEU\m\a\kl5!5\q\B\k~_\\jS;pL\z^_+\\ot\/P1D(W\p~a\\r\z\)l\/e66Z(׀<Zo\\=\^\'dR\w\n/hq#	ǭ|\-o\\%@.:w\`+R(tfx|]\OVW\EЁgGcW\=\i&(O(\rCyngϒGC\I Y3~\\\ǱJE\Zfc$gzҴt\0\1\\\rT\ξl,p\z\Z>\\]\*NW\\Z)F\\Zh\x&YŰ4\rlē\m\FFl(dݼH\=\n?SK\rf)	d\0\z	\+|\n\\0\Såk\3\\/5\\NU\8l0]ɞF;8\܎\\\\xICI\=9˵\X\\c`\\ڷ\y\BRm\\W\7*\z\\#\\\Y\Yr\\\0\\{\\\\\\\CTg\\|q\͂y\e\$(z/$\=\\\T\Z\W\\e<?m^K=\M\y[#<\~)\5-\\lH\)\\q\\VM\\#g<di0ԞJs\Zi\ಜ;z־~XD0\\2{>=EBn\Zf;x㲳c.z\\n7$,4U\\\LιŢ;\=s6--\T\\\\\\K+!\Z6\\\Z\\\\	\4Eouf\"\\\\wD\\\^+T{\2>٦<rF3k\o4LYb{0\*Ӟ#\+9\фi\}W\\u/i\^٣!?jM28V\I1P\\F\\w\5俳c;+\e	\0LWܽչWxc z޹\b\^\1^I2mK23\Qi2F\ROC\~ƩCyko=\K\Ż\D?\<\\dt\ɭ\#B\\n\,\,Gˁ_^\Ia[x\\\Ef/<09\\\n\\Nt\jF<ͻy#S=\0\<:T\\ҙa\eY%cc\8<SVc\^ܨ4!lsXV\"y,\?\J\е\\y\q\E &3\\\*\z;q\jap)Ǚ\<\&\\\\\\Һyh..m\Zf\I\\\\9}\ҾR+\s\\[\\ͥNJ\譿M~G&\ZU\GVǢx#ŖZ/\j;Rq\9e=k\=\\.,Ae$o{yQO\얳\qlx\P\ák\Lu\\L%O\[^\\q\\v}>\,\Ҽźc\\FԮ.\\\n\Gl`@\uYxWG[Nc\Z\\8U\碪\5j\j4w\%f\08\\\U\8|Q\ΜUޥס\xK\\ԧL\l]ٛ\y\\BA\1*G=\0\Z2Gn5`\#\q\߄Imw-\0zy9\_\JX^\\J_->԰RZ$zդH\3㯵xſ~\Y\\hgm\1\#\\\:WA\+]!\\W/KB\V}\G\|24%\0O\W6vq#\,\\\\*\\]Hlg8\_K|r\\\Z$M	\cܹ=Ex\=oMdk\$ހ\YqZ\\RJ|It|\\2\\M*\hI\6\4Ė\8l˾\\y9>_U1\'*\\WڶS1iaI\'q#?\\\W/\\\\s΄\UrKNx\\\+\k\~\VW+{\^XI{W\>>\$m\nP$=)\\u-#)\U\\\x\7W+\ϮoOea\w\\0X\\X\P(ۜ\\TQ\&\n\n>ح4(I>q\ݯ\Z\\)/\\7I\Fv%X9n\(F\"$\\ӸF\)\Zդ\\\aA\	=\h\U\d\.\qES\\Zr%{\n\]}bs&\3BHЍ;\r\:tquJ퍷`\\\lfG\\\\j\.\n\U.-\Zv`r\XFx()\\\ay\ɯp\\\b꺉<~vE;[mlGoupBZD\\\b\\ҺKumB܌\\}\\2J\b4r5F|yj^)Ԗ\g$x\A\\Ka=\\_Inw\_Qx3ᦍké\\\\HMu^\8\\\f\\\?\zp(\ug\_\`e/5,U\<8<\d\?g|eӢ\d\Z!zSb\&}6\\s \[<|\ڼgJJU\N\\ժ8j8\t.۶\!р`y\s\\[Fk\\\\[5\,\[[}sW\$2Z7\n߻l\\SO\\\chUUws8?\\}\\#t뮖g\Z]\)Ioe \EHS#9\\ພ\\Ď0e_\\O\\F&v)~ٝÃ^EEsqk\2BO?\n-3ѵVX$ܬ!*U\;\V9k5Ԥ;q(Ċ2@\\\\VQ$v\߭oxBf@`#;\>\ҝ\vۮ<E\ZR4On\\=غ\7\sg=s[Ԣ\eo\\\I\B0Jɮ6Ya\]mD\_5X\.\\Mv\U\0\n`0Fsr6ToV\Z\;W]>\x$\G\GO㠗LPv>\}+̹؄\J\\\WҖ\\+\0\\)siv@-ɯ\\\G>5\[>ߡUeO\\^\\M*\<2>kmvc*UW==?:t*\C\b|ņ\{lLce\:13\I\\lfmg\rZQ8\Z\\B(nRƭ[\?0$W\\\n==\\J3\؃Z\\*+:^M?Q-NX\ 0+\]Y\\5>S\cXfy-,t\]H\˳J\)\'>k\\e%\n}\\u-W27\"]\W\V\\/U\e\r\:y\W\\dB\*0V1\|u\\\w:J\\>\0оx\wZZY\\OO)0WNGVO\/	\\-a$\'Q\\0_O\,\hNȻ@@vμ\\\\\y\\;d$G\`tg\3UW\\MA\޲\\,\\h\\.iY\[;=3SJ\&-?/\0^3D\\rU\XF\=D%Gغ\n[+&~M\\S\n}\-qndnHQ\+\>hh.N?1[>\VB\09gU\\\9%,E7W/w\g0\\F|[O\\O<n+.AŤ1\\0tO\6s\QLl܃]e\Trlzgc\_ͩPۻ0\;#BS^|&Q\'F7ku}|8c\Z\u\Z\\\&\5Q;\\Tʤ卹A`y>\`\"\\0T\)e\=\衖ai\\\\G,Uk)\k`^*@>Zkm\[\'z̠I7|tB\V9\\՞W\H3.\<\\%Gp~y\"VƎϞA\_ZQi3\ZR)$?\\O\yUO˟lq_fX|\\w\8r\]\'\\d3\'#\Dr\ rJ}F\ա|K*!>c;qx,=׳\b+eP#$\\[A\$Ye\0x\\uO[M-?\D\poUu*\vV\r@ו\\U#\\0B$7lfe\|M /\v?jƼ`t0YLX	\+:\JQzv.G/vKUԕS#HǼckw\\\\OK8\0\=GV\Zc\\\r\\#\.[p\\Z;\'-\Y]\jaT\\%g%eo\]w\n\otu8\}\15OMj\է!\'=Qi8o$epOlvW7\\_\\H\"IN=rR^#/%֟L\}~\"{Y$B	<#֝1\`$\@\9\|\r7½Kf\\F<\\鑜WVUYm\|\ya\p{\!\66z\Z\K4U8\U\\\0=\dZ)8Ϝ-ٟw\mʎڴ\/<㚍\W\r\a@&ҭ)9\T\CԞ\\ԧ5\Bm+F+;SXFz\n\'{U\rz\\΅\\\\oz\\^t$\\Z\iM]\4\8,TgQ\d|F\#Z\r\\x\\\D>WMܣVĒC6`rn\8\כFT\\骥Nl\WË;\-ݤ9)\^4|1\-\Ҿ\\4\Z\Lp\\\\\r\\:`5\l\rNv=W\?B\8T)rI߱\:Aa/O~\ǈ*\\\&Q\E\ n|W\TN+k/s\\\4\lt(WX\\\8\"\\\\]4\0wm\%N\0zUWe)A\\0\ؼEIv\nsO\n;н)k\\!*3\sR\Jt=\\h\$X\\4\o2\s~\AaPaO|\՞&\0\W\0|\X\غ-w\#~Y\\HQ\Ƥ^UW>xH\\uȨ\`F\g\\kWDoyU\Dde\r\\wNL\}̲\7$,\Jm\>0Ռ\Ծq,#\\卬\\%倐۩T?,\\އiѪ *\\r>GESL嗗\\vU\\\~(E[Ȋ{7\}1;\}\_\$\j\bH2G\\~DV9r̷\X~d\ny=Ed\kcH\|\m\'}\PfHǢF\'\ %Zr|y<ǵaٳF[l\\c	K6\\\\\e\5Ӭ@(9PO?k\laX\\"@{/Q\~#cS6+\㨯r^~5j\{;\~\jt\bdP4`\y=\8t{i[C\\\@P\\r\\"\d\8\\i<}\MУN@\[4J\v\?)\"D;k\+wwi:W\k\Sd6\\X\VH۞U\)\]=)\W_Nu=m?-\X\<-R\.T87\Һ`x\Q3\W\\V\4^p\\\'),(11,'584732be7985a','\\\0JFIF\0\0`\0`\0\0\\0C\0		\r\r\r\r\Z\\0C\n\n\0\0\0\"\0\\0\0\0\0\0\0\0\0\0\0\0	\n\\0\0\0\0}\0!1AQa\"q2#BR\$3br	\n\Z%&\'()*456789:CDEFGHIJSTUVWXYZcdefghijstuvwxyz\\\\\\\\\\\\\\\\\\\\\\\\\\\\\\0\0\0\0\0\0\0\0	\n\\0\0\0w\0!1AQaq\"2B	#3Rbr\\n$4\%\Z&\'()*56789:CDEFGHIJSTUVWXYZcdefghijstuvwxyz\\\\\\\\\\\\\\\\\\\\\\\\\\\\\0\0\0?\0\|i\la+\eɖw\t>\+\'⧌K\}Vm/MxcqS\T\\W\"\FT[R\0M}z\Z\оxߛ\N\\I`\B\ЕGfݙ\|=\\\,\]r\\ -\\\\\O@i_|P>%X2@\\|\0=zTo$3k\\6s\\rlxc\ZT]I\\\\z+1\\Ўl\k7\\\{m%;gz5#DËܘ)\H\\3\ZzGxbA\@\0\n\\5\hF\0]\@\vbkhя#Q\\i9\cwZlcY˨,[f\]\\\)&\[co,đװ\Q\x6[\\\x\n%\\H\m5m38Jm2*U\y\\\<Q\5Fo\"`\1\\o8\<9\\]ڋ:MA\r␾\{\-gkks\h\#z\s\j\\m/V(\\C\I\\\+0兓k\sz\'\\^1X4xʨ=O\\Z^-ҼK\6yJ\\0|\\5\=ך\b\mgC: }*όu\\d+	=a\r\1\Gb9\\\d>GQ].\\0\\A!S\d7\;\Ot5{ۋ#	?ZcKK%RhKy6rD\g#Z\\|3-\7\Hѯ\	Z\4uF*	Yhϧ~\nO\>\"\\w\fu\\?\Ñ^\r\}3_|\\yMRl/6䃕װ[M\nΞm\\=]ԱPW\㫆$\\7[jU p\>?ΡEpX\5\\xz\Zw9\\K\;\\Z`+\\I+&J?>o?JvW2\]!ʘe`F\\n\+K\\f\M\D\m\\=\ߡA\_\rtQ|7\}J̖7LB<\׽}6UR^\[O\\i=_m\\\o\\\\;\!An\0s?hpx\pi>]KJK\PY\nP:F=\\\:x\\lS\\\狤?\qd\D<.z\KMEml\Z꺧i.\_\afs\r\q(\8\r{\6\r\0	x\T\\ť#~J\T\a\\\\\\/(,Ok{EFFkAT%H*\rNZ\\\nؼ<\\\Xݺ]^X录\F\y s\[8UW#՞$M\rz\0Fk\#/\0r\MF:~8;\r\'<i\\\gW4v\\>A\^7\t-?S[B\\@\\\($\Ҿ\Ok\4[q}\Ah1\\\;GM|o\\GD\?t\\\Ka\\0\gMwj\\\Kuup\\V\;z\\\\'^i\c4\SnH\NŇ\o]M_\\\q\6H\\h\\0\\Z?\\O\r\\^\"\5m?L60\\qr\'n㒤G\H&\\>c۟Һm\KW\nX*\\a<D9z#\1x=R\\_\Ms\0b\\C$k0~\\\uR\~Z\05-UayUl\2b*tpylWN~i\\6\]\˨\᜺\\\\-z\\k]\\\A4wgGZ}i\\Q\\\v\3/\\\0\\b]6++$\n/\fi\NZUu\\kZJ2n\'RN\>\/u%\hm\g\G!Z\\\v\\豠b\0\\\\ڎ\\\K\(Pq\\T)\D*՜\x\Bk%䫉%+\\5e|9d\(&S\i[\]\\x\X!8=InT־\=ǔ\_r\ҜZ\3ߩWUMeKR\.n~\g嬌q\\\c!s\5\b\\Dy.w\ZG\\'T\m#i\\\\'\>\%{Z\\Zd\sU$\J3v<v>⽇R\r3y\k\<mq-ԈW\r\v\\ZnWEr7z;\M+\Zukk\{\0G\!byW{\ZߘNC0\	^i\cFkx\@Q!zf_i_\#\0\\(^\\\8h\&%\Mzޣ \\\\\\\yٌn⛨-*\0.\Ե-2V\1\A9_C\-nWe\r_᷅]_\\Z3A9m\W1,\Tqb;\iZ2ZY\E\ZF&9k&\[Uw7er\1q\\<U-\i\y\}\n+\Ͱ\0MO\rR\0H8~h\\l[Q\\\$H41yxRU\vv<<N\yDE*]\*\ZƘ%Stа(\3\}\]zsd-\iK\r\i\W\o=Jm+\1C{\Z>莥I\Mxψ<c\\rzkŻx\\U@\'\0\T[3`:JY-\'7&ޒF*0K\\&8+\\5\\\r$8N\$=!`?&estENiA\\\\\|#y\$֚\4\OU7=U \p@\"|9\029 sϡc\n\&_\r\\*p5TcK\s\\խp^,\\e^\3\0\0=\\?\0Ø\	I{zܱ\:\g\$!\9\\V\\ǹ\X\nH\g\\b\Et\y!7\Z\+\:4~Z!y\Z\\i.\\z\=Ť\n w=3T<\/\=&\\qh\8\8\#?k顭oeGP:\(	CuN!2\"\Z18iJ*]Q\cU\'\.\~&M\Zm?\1\'$08#z\<!\\(A8\\01\=f\wV,\\\gp@\\K\/\\\,\\kɏzU>\_w\p\\\[pUy49U\nxatKϷ\\(?dӠu\I=\{U^\"v/V\ܬ>y\\:q\yDn&\u(\\O\s\,\A\0+x|]־Ǒ[/\y	\z\OM[\M\\Q$\nq\5\x{\ڭҝ$\h֣tBt=~a\s\Ҽ\#ץiլ\r\ }\}\_\m&\'\\Ecҿ\C\夏1S\"5G\\\\Oi\\j7\,oJ\\<Mo\_W~Λ;\}MoxV[-Kz\\Z4\9Â>l\oS\/\|3\nX@}cɯ6\*\\\ҿEa\	\&x/\(\~;\>\\OM\v^?|\O\?qGײ\\\[\\%\\\Z\D}G\J2bfRmS\W\ѿL\p}F\\][`|k\ؤK\ϖ\k\<U\\]D5ܐbO݁j͌{bnЈ[SUӮ\d{\\"\'\n\<ifxr1hd\,:\\0_>x\Ya\fÌ?+?LE\\(\th4ma\ob8\1\=dt5\>&ǭs\>])!px\'5\\\'\'u;	%\Aʃk\0i	|9Ul䳹R>\o3,2\0\\\"\{\\\WQ\\\ѐ=\0\Z\Q\nr>n c0:\	y\cwxm\\\`\3\޾:[C3\\"\\\5\S\Z{Rby,\.\Zw	Y\o$\\<\Z\0Ikĵ`9*#\[ឿ{\(y\\H#!L{\r\\A&;K\\F]\;\#难h\Vظ\\wn\\v 	{l#\PjZ\YJ\nU\'ߥ}\r\\oKI\H\0V:\\o>t\ݦ?\0\\+j%BjO\\n\S\2Lv fHH\	*\\Zl5h\'1*\;w\RyC\f	\ԍ\\4GOVIN\0i̭>&\"\l֜ZUԠ40\nweqev\,d1#J\"&߆\GYB;-}I\ʣ\c\\Q\I#\G\3\C\"\\0\'\ʋsV\5\[\Rnv/t;IUPn\\p\펤\	b\eF\8_ƹ}>bDi)U|ע\ͧ\\[K\\D7;N\\{\RKp\0 \n8\&5#\\L\n3\I\V|90\&`	S\"6`Dpp?\Ԝ}*%aP8F#\WZ\~\d\Zf<Zo/\Zy\=g8\B\\qүZ	>\\`˥\\\ !+ƺ\Z[ΪNΈ44#Uyl86w+\Z\\$\0q\\^7\Pd\n\|\\q\q|\[\g3AuY@\T9\>痉S>k\\\\\\"\S\\\\w;<EX.fo:+\2̣3\^o\D\-6,dq\\x7\4K\c\'\ᵰRur\\R\\n\\\Ԭ\N\f%L/\VVw\\7,wnI\0\5\x\\\>$6w>z\\\ \\\t˩\)\㞤+\S\Q})GV\AiKB2\SLV\\\\ۥ[\\/8=FGӑWx\ķ762\Ӂ*A\n\j\rT3sqyn\3\\p?\ZV\Q	aۂo\x\\X\\T4JϽj_F9X\-e	#b>tϭ|\\\%\0X[\\0S7\qaE<zW\\Wk5\n\\rt\E\lq֥Veg5\=KE4z(\\\Y~$«K}\r	\kgW>(,\(/+\K\wwڏp\\G99P\0:\n\v\\);]b>#__\S-\\\L,\\U宏&j,hG$\i\\c\pZö\\\\rW\z\\W\n38?Z\Qis>nda_xti\<V|\w{U!m\+Y\'P7.89G\rF\rn0\\'5\x\Z\O* (\UK\r\n\dbPZ#\u\\\./.\E\\zt5\-o-upM\D\\i\\k\?\ilr09\\-cXZ\o\]Bq\ܼa )\1^2\Zk.IMOc\\=.y:\2\r8\際Ǒ|[ŕ\Rq\^\r\_\R\f\\n\\\$gW}_[\~E͉4\3>=\XMR\\ׁ\\\0NO\u\D\g+J\lX\\\\no\'֍֧g \$&:\Ari[#$EK\?:\\V[-\!\_2YY\\"@T\J\_\L\5\mn{m]\".F\\\\0w4h^U0!Q$\9Y\^&\O/m\vTw#x[jZQ\4\֔*{E+hxo\_	h\VsA{kgY#A\r͞;\'C3x\\\\Z4\0S8\=+\d\+Fszg\'\*\ale\\x/W0`\8\rǭU\Q\'w;kZ9[\\K\6F\ntJ\ຳ\4g2\Z\\\\Z9\JH\:J\J>\'xKMӭuKFa\s\s\$Y\$h\"Z	w7n\ɜme|\\\^[\֎\o\0\\\Z4{jy\$\\%\"X\D\|\k:`P\\\\\ÿN\\\\\\pp\FW\.iqƱZ\ڭnw\rL^\Z)}\>sF\"pJ\O33(H\Ʈ:\y<~=\\~Ox\Z\EԡYd#r\}{W|7k\b\%7\uc2H\0\\+\o\ZZi>T3g\ь\\SsIa\e+3⏈_ᩝ5]\W<KfX\2\W&pT\( \\K%KiL\)9:e\'\\\\\n\O\i\'cz\6KQn\ֽ\\~\\(.O\ͅ\N}~5\\qS]Bds\]\\חScKau\"\"@f\}k\^)\j0G\guNq\\\Q\\S\z^e\J\n&#\Lry=+g\\"fR\V6i$\nFF8\kxL\~x[nM%Ԏ<\0;Wx\\WB\i\b\y9\,{\O\Z\\ΞqV>ΚZGK.RK\ݥ\̟kH\d1\\\nʘHg~3 ]\.\boyǾ:\\\w5\]~b>̑\$hAJG\2p\s\rH<S_\Z\G5E\aۿ^T\\}\ajbhFRiIGy㯍Q\\x\\\G\bѭ\GUn\\\\_C0\៊GB\cKx\c-\\\|g\\}\\\yebWd\E\dc9鎕\|;\YI%w\)R\\$%qE\kKN	-S\1}9AsIm\}\'{ZL{\eKsD7Gָ\0^2\45=QchH2ǲ{\\~#Zj\\\\K\08gں<)xK\N\'+,|ԃׇQǩ\V?\D߆\mSP\b\b[VoP\؎G\]5Ĉ!g3	\#gk\ ~7k\(4ɮ;Y\}NWρ^%\t\\\4~d.\z\8Ϯkr\DRt\\g|E\g |2\=z\\.R{ig~T\,9\K9\n5\|oӭ\\\\v\[8	\y\^9\t\r\\Z$#p\']\S\\\nԵg\BPN(\mu\\\j?ٷVZ8$eyXùl+\?\oJź)5^\ɐ\0H\zj_\K\K!\cc\<½O,\\\05\Jfۋ9Н8\\մ}.xHm#S\"ׁDZ[)\\>\\Џ`֤wB\0+f\\\\G\hw`\\Ư ?(\w\\\:\,5\',2c3^|Gqs\Il$Қ1\I\{w\-NGB)8\\Z\xGyy\Q\\\ $6\\\0O$+ھ\\xcEӾ\o,?8f\\O$jtKIoK9p	\j\-|=cp\#/?:\\'\ۖ\\\\\ڙ.\\0{W|X\m\7X\\׿q\W18&/\\\Mu(\Hɮ9\.gw\cze)Z\wh\խm:[E\Ɏ\%\- z\Z\o?oXuatG\0!\\q\ֽ~\ny\eS\n\\\H?.!\`7HFc,3\\ړ:IT_\mJZӭ\E\\\\Z\aNG|\Z>1\u\>Ѧk\k\\0\q\g\e%\n\\\\\\\.\v\\Ǧ}3Y>\\n<XAz[\"\\5R\'a#I\\\^}:ꪱ\u\03\\0d:\$\'{g\\Q&:|p+\Dxo|ju\r=d<\;/ L\<\Z\\u\\?Z\֚wGbkb+\߷cӡV\\j\5\\\H\YuEI3\\u=KR\?5k&E\yߙI\\]\5K}&\9t\\?\|\}+\\C}6\\%T6=Nz\ҮxX7\k-\c>w?\\_<T\)-\\խ*>\OWSg	\TP8P:p_\\\\O\>Ύ{w\I?Tp=W\6^\M/$Ivb\c4\\{1\\wa]Xl:Tn\\\0v\p\d\\}+*\<O\zlQn\"U\\'\0\ת|F7\'dJVqz\-\"0\n\.Uvcӭ|\[K@<:\\J1ܒ\\Eu7\\{\hZ={h`#j8\\rN9\xަ~ʴ^>8TiJ\r:>m\m\`To>,p\Z\"\$gyj֚s\979I\`v\5~%V$\"q\'ςf02p	\0+kRN\i\"RӤUMTOR\'zgzW*r>h>֜\Z\0}\<?hzm\\c\"DGue%9\r\{zU}\\[kn|;\\܄\\\\\o:*oű%ՔHZ_\>n\ҰgXY]O\\inrȭ\Ƞ\k\r8I\0\W5uY\^>p^Fl7t`Ḑs\p\2:v\^;x\\\%+\\0\\0m\?p\\\\޹\\tɧ\w ~\w;ՆOӚ\g\0\u9./y\%p\>c1\\\u\tUν*]4;ߍ\\Qb|~\\\~K\J\\w\I%|Ϣ\\G>q\\n\&0S;s޺\9kg<[q\s\4\ޥ\\\/\\y46k\\Y\Zl0\,m8^iАjr~Q\߸\dk|\'9w0\\=S\䢍,h\\A$͒k:RX16I\v\'5\\\\*Ұ5M\"[fi!y\c#]2ZI\'\\s\/\\^\r\nn\[+sy%F˨L\޹=B+\x\+(qȌ<=j/v\\"c\KZ\\'8?WY$1\oY\4~\m\\H\\,~\V\Pϑ\\!<Ӟ<\\\/\rX\n\hb\\V t!\\eh?\-F+ۍɉ2\`tçJ\Ate\&Ӓp8h.Ｃ\nyG.+\lI]\Db\\\F8\\gRT\\?}]y\\\Ԥo\0\\sڢN=\䕃\fM;ijv2{iOǟ\\S\>3״41\0f\c:\}p7`\X\pW\\k/r\x54c7~G\Cz\!\\pH*J=^E\|=M\\\"(\0`!0GS\\9k\\rx\hc\{g#Ӻ\R[\{\ċ \58nV55Gfi\\m\6>EV^\\5\mF\\\\+4y\yS\\\Z_\6Ɖja^\)u3\\s\1Ҹ\WIψF\-\ͱo&C\6\\\\ָlT\JQk\\\~g5l5:^\k!\z\]ev\ּ \#\o&`\cpko\>\F\\\\%f>~\u848.c-&=׌\(\U\5̈\=Z\m\Y\"\.#]\*\0\G\ȰW\P?epG\0?S_#SsJӭeWCk\\u$$g\\\<uՋ\Xt\pD2\4\0\\\\խ>\\L\\5*TXen?:\\.a{qG\ZݿqWc\\|W\ʭ\ԕ8\o\E]v\\r>t\\q\"J9\:Վ\dy7\;\=\~_ L\cf\nR	_~O9C\`ed{x<=:t\]\\w0o^\\\_1\5>sDD3\s\\]ŏ\\T6حl\\dnݴJ\־.s\Ԓm\\\\FOW\>֑\-\n\T\6Dͤ\\NI\\\\*Z\\*\'\4Ӥ\d\]\\&$\\Z@:z\r9<\\\%e\\6\<v潗\\Zvh\W?\ä\\n\Hd\Z~\Kmu0A+\l\~~\^5JQW\_\s\֎#\n.Z\)l\0\\֗\7\\0^\ň9^U\R\<B\,GǨ5\xŖwq\G\01܁\\rzqw\bpZ3\\0x\\]9,;ۈ]\4su\\\u\rGsg`$\FGL>򭧉\\e=\>\\V,Ƕk\/$\,\ҥi\2T\\r\\rǰ\\oZnjb\٤iPi_GkhX+#V\Ӽ\E\0\1nP\k\\]R\Sq\)q\0\*yWSЏJZћT\Z\\o\=Et`\	+=,r\c$\\u\eg\r72\ܼ\	\\+\X5;\c\0\5\\0\rO?\\n\HOҎhԛ7{$o#\wkQ(Pxcؚ紝r\\G\,F67[E\<\N\O\V\vV\\\:\\0?A5#\ԲV}`X_\BJj[jo\\\\\^}\f\96\\=Oֹڮ%\r\jw\\\\޸\\5>&t\\\\\:߬w7ze\\[%9\ \#jcH<k+\\\n\|b\k\PYNd[g>Y\\x?\"߅Z\\Q\\2C\.FE5N5RRz\i\eN\l\M7Fӥil%\zj\׼oq`н\(\FHS^OBt<r[nU+\VSNeX<\v\0\<\"\P\JOc\>Gq+,\B>\0\n\\\0i\n\^תZZ\j\1%8-\\ԅ\#xY%\|U\8\CՕ:W\><7\\Hq!\N:k+\r#g9Rt\zWYƆ9nJeCv>ݜèS\oZe\ыr\i\+k_.E\=\(\u\]wb}+j\\\D\.\+\ܻdO\8=\L>*Z*;\mw}Όcs\\<~āOm*D;\Ie\{\\\Ԟ\V0\2{J9//.t\\:,0;Y_\crk7	\Qv\\||KѶ\ŗTG7S$;Y\c[ºj_RV\nu9\\ߚ?^ѭ[y\eF%a\	5\i\\|D\c\\\B\\0rp?\x\ZFZJ	z\Q*J;<KEG_i\i:mt |\#s]VGT罵keP#,\\LתK\\\2i\\-\EcwC=+\~*vY\\\޴Hx1P\l\0:줩i\\\r\\}3̮>&b\r Ӣ9D7n&p:\"c:|ּ\Ʀo\?l0_\WkدB\9-\8 	nx\rVRGtu҅\?~B{\=񃚻\'Qh^\ol\'\c@\X\\N1PdEP\\T\\\\\>0?;q@\qh̫$\\+\qӌr:~uCG\}B\H\\\u/\\GԒ\9\\#\@z\0\\rZhCZ$\0\N@j֭8߹ld+\`5;\,\q[y\;TZ<lFe\"\N2O\{\]\ooc}ݾJ\%\b1C*[\x\r\os۾k\Ri{E$Ȗ[s1\\\X\\\\[\n_	\0\$s+)\"BKb&G&\bUq\\v:\Z\\\]m\r^ Q8Y\9\q^\Sl\BFX^/\5\\R\\1qRw\\\z\0\}\8H\\N?\"+U9 \8\SN\9R]q\nX6\^\-\.\0px+xύ5msq*m2\\\\0\X񾟨Z̘\ծa\~b?CF\>x\eVlϲC_\B\\a2ǓaOz\J-\oTePJڋ\E>\P\˪X!\m\\׃+\4c\Xn=w_\\Z8QS\re9-\\Wwc(\B~O,a}J\\\\v\\>\HadkB\UV73nN\b\kIo<\l&m\n\15Ġ\\\t&\\؊;{Y$\{rI\mt\0\Z\\\\5Kh\Df)8h\\0#\0J>#\\)\f>E\T㯸\\\u\Ȉ\1\:\洂J\7WT>j_e\\2Ƿ˂\3 tn\J\|3\\\u] F۞3Zw^d\L#֟?4حٴuYx~\\U\i\-6E\{v\\gbn\,G`z\\<_\-+$\ĞrNm\v^;c\\z\\n\A$\0a,\j·l\0\eO\߹?2GE\M&\\\	\\\GGc\\4Xt7f\b\:O-22Iʟ\\W;u|Eَ{\'a\\%\HP\0\*\\u\\mRבX\\m4\r\n`8\f\0\\ܽm\\\\'~\\^ ї\w!Q\}\˅\9ӧj\\졚=q-|c:iM\:qY^=\\]\\\!VB\g8~^\\\\5P\uc\`X[\}#ֽ\>Η`Αf;y!l>;PpO=Ey\'ğ\WZZ[\X%c,k8\\^p\57\'\\\\A^Y$\V7s{-\h<\r-\I\bf0\\\1\Ƞ8\Њ\~$}X\\0F\nTt\\W\~񦓮xn\\X`xw$8\󴃜\WN\Z)Jkk\^?&|Z\\%B\r\Nz\\r\z\//gBݦ\p6H\Gc]\\ɦ.r\/lr@yo|îx8\qZ;\0\I\\\!\%ſ$Dr@Rx\\\\83q\zp2	$ٺj\׋o\\)m\0`!}\9P\t\W;\"6aN<\\rnxG񏅚,3F^7FބsQK8ڤ^ꎚ\nyeu}\7f-\V7<N϶GcT4\n\\\4[	0=#\\侶\LG\$\\Y}s\]gmۘ\`\\,+\%R> \ry\\N/\\0KN\\\xxFG\\\nN1x\kѴq<@P,q?\Y\oiu?\0s\\"]K6hZ/v/\8T~Cr\\\t+\ƣh\5)$X\c\K9#\ҹ\6\˘a\gp~\7\[vh-b>\Y^Gr#2\'>\\ntbQn>͍\\\\2\_^s\Mu\0y\\׀_Yd2(\'\\(\~\"]Z]ӱKq1~bXeE3F\! dc]EОY8rC\\\OO22\\\\^\{g^!$V\zB;dwyTY,\\	2ڲ\m\\\0\V\\ėhOol˅\8\^\3\\\=LB^f(\\\Z9\=?νG\\ӓ\r]Ƣ$\\\\\F+7P[ƈ9u\\:\9\s\*֥\\ߧ\$_\5߃\Վ\"Js\\W\#F\2Id\iȱ7\L\0*+W\\5(=h.\Oq\zW[BDkיu$KBqدj\ɨj\奔o\\n\\\w\<zs]T\\*ڏ\r\O\Z\rcT5\eWG	\L\\(ӵ\tthei\Gȗ\$\\ۨ\|C&I0ߵ\¸9\01]\?\jZ\w3$\klf\0g (8\wq\\\\TU\[p\\.RܓS\ce2\mf\\6y\k\femLN׌\vL,EUYfo3e]뗾=:yHC\9ϱ-Yhڽ\<E\Y;X\Z-б`( ۭ|\X<C\}0\x-#h\\s\=	\\u^\-kƳ]\4b*QGa\\+\Za5eA%\@\T\Zv\Zq{&yOA\7\0Yg\ϼ={q^\\\\\rӯ\\\æ=+Р\L[9\?)PYrG\\溛\\Ogh\Ԯ<\`8 c\0y*\2\6NJZ\\\,%]Y\p98=\s[\|ʺڃ9κ\2\\\d-f;\1w\lsڱ\b\\O>g2K\rr@9=籴T{𕢡GZxYWҵ)\mi\_pr8?ҹWZ+\\\\Aw*IK\\\d8=re\"[\'TUbv\\r\Ƿ\Twͻ\BKG\\gv\\ER\?5\\ګr؝\(\?\ڄ:zh\\\\\4*a܃<u\Zl\ZyVJu\a\GjjC\GJqV]ӵQ=C(lI\<\qǽr\\.]:\n\	#*W\0\#\\\\-$cq	ϽqjˬY\7\*=3J)\+9*N\n\Y\XjN\e?8(@Be\'\\yZ\\\?\\2\F\ds\\Z\Z[B\5\~R\S\iY\B)bxT!k	S\ߺc9:I{7}\}V\Sv\I\rԺ,\r\5\\\0\\ФOSkZ\bo|x\sI}Z\&Qs-\ʕo\\O|W/\\\\\؊U}ߵ\tg)#\da\=\*\\\l\\S1\0Md=ڼ\\\\۬iy@x϶k\4R\LQ;v+ᨫAQ[\qIBn\\tGw8X1\{0:\ߣ\"a.\MT\\EjxEܬ\\\j\M\+\$J!7(\q\?J\\Ms.Gs*i=\*L>L~dÙWw\uWQ\\\5 &k\2Y\Y.	\Ocj\סwG2v\Hg\]Əq^\J\\$>`\eaу`9\vFt\%6r\Y\Vז\^]gl\\~\}kY䴈\\\\\x?>=7\Vc	\/tO3u\s$<dpC\1MR\N2\h\\\\˼d~~\2\\ٙ\'\k2\k\\2#\0\ps\;Um~K\I,zU\ǽc/	\\<ӥ{kUy\\v\I\~x[&\\0\\\'Rw99[qV!׼3}ngZE\:@\V>\Xi\\&\0s\ڧm7#Gј|W)5\:w	\DFC9\|`gu+GSN+ǋ\\\N\]S2!\܌p@\ZLѬl9\lA\+\wٍ\𯔼\^׮m\l\'پg\NI\0h\_R=\u\X\\F\\Ԍ~&MƟMjsY\+ՏϞ7E\[U?y\\x]4n\\"\$VI1־e嶣A\P\%%ڱVe\þq\Ҽs\|1Em<W=ANB烚\\8F\\\\ޭSLϘmݸXfsN\+DW]\nW\5 I2JL4Y\e=A\Y\0-\(\\A2G\ro/ҺMٳ\nrihoEž\yn\0ǡ×Q{^t\\X\`\-ψ4\^\0̒.\d\z\I\YL<ݲy`{\\"T\$\\A\\4u#cLyo\\\0f\\\D,Աz\\E\\\ʬ:\rydWk95K\ڄ\\ٟI|iew$\o9\yacc}Hx̎nk\\cMԴ浻@\H\_(\\n\'[\ 6ڳș!W9f=\0\~X\N\\\|úWGj\\գ[W^B\\\0\\3\Ѓwn\;m,Eq#_*+\\\Ӟ\\\Ҳul\q(x\Mx\skǎ3/t\\\\Z\ohY\bv\\9\\r_\\\\\^4qGo\B7\X\U=Js}*\0la4\#N&Mt\@QISN\\\\c&\6\Yyd28v\\m\\n\\֏&=\^YR\Xy\p3`AWs\f\Ɛ\}idq۞^\C\7imKX\\<Ncs,\\\n2\Y\\\\+\\*;br\\\[.\nA3qs\G\j=I\o\\nٖ.ԏjhӚSu~\//c-wG}\i^ºG2g \\\^\\\:w\\"Y\"b6+\\\q{pk\_4:+]\@\g=?N\W\nL{\\p\n\n5u].5-{\ɦ\fR\lxv6!0+\\\N\\Ҵ{4e\5\\u\F\[\?Z?A%9\\Z>ֺ\rHoKFca\\H_:3\\!M#i6<wiF\IrCjw+\\P{1~j\rdo08ϛ2F\\=2\ryֵ\ \m\\N\7^JYϭ4L.\r=\Q%Z\ZI/sy\T/\'\E?]N\K5kVR\\e\ n\^k\Q]\\\\"9\\>k\Ha\ZsRgA+\06\3\ǧ\\g4\Vm\Z]\61\c \0	\Np>!e+Ň\ћ\mP֣<)Z2Hawn)j\g\r\߱!𗊴뉆,C(\T\r\>{\'\$O!eEn\\\8>\Ԩ\I\nO\r4iQά\:\0	\q޴!\\'4\2\g湉Ç̑A*\\\-=`\qcV\'(Ʒʏ\\fm/\!C~	8Esg\7[0\\Tdg.\\գG8ʬC$zTk\}\\z\!\zUS\6&s\wtүf\\.\\GԊR\l+\|qz\\\\MB7grw\{uZ\_F_JPo\8\\8$i^y\bQ\zj\u\\L0n	I.\G j\199\\\}@\K\C\0(\z7v^Kd\\5\\\TQװ\m\\ldy,	s\\溽\=iM]ևmlȹp]\\F	\'\c+\ՃDF6$!\'Py*8\FC\\`HGR}N*äm5\\0\_O5)J\\\Q(\\aE\\pOX&=2I\8\s\j\щ\RF$~86\%}?E5*ͷcؚ\I\&\\6ѐ|Wun\N\=Ld\cYޛiX\,2)2\m⢕9\}J[4|\\~\~+o\A#\\Tg\a\\cJ\>\t\-t\Y\z28=:\0uOw^Ht\\y\%h՝\)mg1%\e4\Ƚv3\c_!\nu\\n=\0$\y/K6r\+\\Ub\\\x\0$5Rǒq\I\V\\\\X6֨\Zr>}HRjjoV.cI\\Lp*x\Z\\\\6d(-SM!߸J\q\qZ>Hh\:\_j\Ē:#[\\\\\6N8\ݬ\\J4+\c\g+\e\\)\nY:|ѱ,\2v?\cZԮqʫU9;\>\<\q\\~SHԴ\\0/X8kKGC%\[`H\x8\w\=\\Or$RQ\c=9\v\\\ǒn\\\hk\Z}\rX\\7B\2t:ީY\g2Z)\"m\	\XǁW#u᥂a-\\`#ޖ.20p$AҡR^䮻=>\w=\nxM_4|NͼR\0&#@n}ȬI<a\\Z\\\ZR=|n\y9˙?\CE]6\g[\'T\)aP\\zWGH/f\\\C(3a˗{\0\\\SiH,Q1\0~\D|9\}\\\c2%1>vZ\њ\8\ x\fwBVC\r9\SX\TQFӮ~\'%LƢ\\'yL[x֞nl\4\: \v\GW7xJsi\$\@Pz׎X\5{;\0t6~+\\C<\0\S\qQWT_\rdԬ\sF;]<yrH\=pIj-\'B\\0n!@\\dE\'\8\2H积jg|hp<+\\HVefQi<\\'s\Z\JKFG\rCLЬ\X\\ .\lm\{\4\Skw\\\o\02z4h\\q\:`b\\[A -u\Dy㿥L\'8?z6!˕/\fƓ\r\b@0R\Z|W\ͧGRJ@{\U\k\+[<\\\\\\?.t%O2I$2ǃ\\S%F|V\ntܣy?\\\6\&|7rn\"@w\犩o|>}+\0^ip(!X\#\[}M\7sq!ڣ*U\jB\Z\rXI\C\\\Z^ċed\r*\\I\0YI\\\xC\S\\\\Wh$\ZJ\=\kӴ}>\KK]:\+xPaR5x\\,R\&#v\\HK\\lc=˖8?\\\\wg.֛\"\#\ҟJ\٘_F|\\./\7O\\ehfs-\H\\\\?)x\0e\I-#W\\\}=ȴv$rGq\\}\yf\n \,prW\\4tD\Z|,hĶRPz2KK ek\_\\ZѼ9\n\#|Mx3>zJK\`\|u[\\Qu?ꐏdrA\\Z՜lC	gn׽|!Ѕ_gE].5G\1F\\\9U\06\}G\0[5yhgffvl=릶Ӥo\\\n0=\n\?δM-BTێ2[RB[\j%D\\\n\7#LqZ\ob#Cִjm79\\Ey(8N^WCwȠm9\ci\Ww,LѼ\s\_\o\rXT\\[Ǫ5\*܀M\\~1nrW;`\ަ\\\\\\\\	m|t\X^-ŲJ\J|\tf\*)\0+O(\n\c\Q\KY#\0,)\I߱Ъ:vI\\\Yh\!\G\d\\ds}Vn.\)0\Qڴ%^1S7ʬ\s;H\T<8=Jw\L$(\~\3cD\9:]F-4UA\\e\Ҹ\V4\[I],n<\\W2\!Pǂ\T5y\\/U}Rд,#Z<USJP¤\\Wvx\q8\0-ֵ3gcj$fX\XVw\\JʯؓkR\$L܃A机V\ai\C]~ͨ\A?ot\0h\\@7n\0yj\Z|\lD;x5\Xx\F(\9lrWdqY~\"6vxo	\\JRTjnmx\q.}<\&o\Z\r\\\<mc]ƕe\\4oM+y\Z\Q\\"\r\O#\H\U\Z\\"\"A\UqUm\h\j\R6]Њ\f\\#ːU[ei\NjCc!{WDcs	2fx\3Lcֲ\\9ڮFx<Vn\w),p\\\Et\)\"\\QNݎj3ʑGJElka5xO\\\0\n\X\kkK=1\넑e7|c\׺)ȥk:\H8>\\\?~\|At\7E<vM\0\\՘~z\|A\0U\> \\!I\tKr\ET\e\K\rX\nvq\?<{ĞKxu\r^\\ Ȥ<a\Yc^U\\(^2wF\\~NZ\+j0\ƻZwX\0\X3\Ҿ2x{Ï\cn\\ŸUᛩo뚱Ϟ(\~)A\?\Zxz\Nм?t]C^]DpY\Y\ہ\\\e\9\\\\:a\M^\\<xU\\+GGȨb>U\V\~ƿH>6\<e\\\%WV\G\0Ư\\\u\3ZI1H\W 0\qcp)=V\5\j`[`~Z\\\ҭ^7L\0\fijPB\9\\]4҄44Tbu\\E߶\_)\On\6O\\01e\H\0\W`c~\]\7911\\F\9X\\\\r\\#?ҸqR\澌\\$Ax%\'\nx\\E_2\\\\\o\.\B9E\0+\ֱ%Oʆ)8\OҸj%v\m[j߁Z\N{xˈ\\+\=\r\ZKh/!aMɑ\\Z\\\<\ \e\0\\cҲ%8ij˚\I#\m\\\D#>\Z\\\\\ڼo\\RW\:\Y隞,pƑ?y`κ	j\]5RAr2\e\0t5\X\>\挹jCNxI\	\\\\r\O\u\2Y\kq#FE?\^p\k\\B\Jvq\\Y7,c\R\Ԁ.#S\lWN\(\d\Wf`wɉRFn+\Z\\\6iuadnՅ\(\\EqueoOZ߃-\ݪ\U\HCaIN-M%(l~\B\n\̫+r\\iѱB7u\\vV1ELc\9dI*k\!>W5\E\\7˜t\Uy\Mn܎:R]47cZƛ9Ds\6?*\u[\n%\\\=䥷=k9\\t\)\"mri7\+.A\c\0Ut;W#\<7\2[ \;WCVd&I*i\r>\\Q\Ḱ \i}i\;<f!I<\\d\e4Ӱ\,.\\}:\!\W\/\+kqjEq~\\n#\5\J\DLgj\\ԧ\Zqч]D|׾x\C\g\\\nѭC`B޼խzUPN=\^\0t\\'!x/kl|1\$g7d/]\\Vȳr.r\\hel\9\\\\ףR\NI\\\b\\\c\[\\Z2h\'\\\]\N\s<mq\\\[GÈ,u!weJa<\p\\^ߩ3~RgKt(=N+2C&1\ڳt\-v\AI\|m6\=\ZN\\\0T*\ں\\4\Q:\@\\\4q4Ф\\$V|=\ht\D	%\~kU\ \ǭ(҄l\V\Z*hZp\cN>j\\j!\3ڼV\"t \3ᆬ\"\kD\\I\&y\'p\\7#\M>$?\\;ZܤH>_\9w\N\\\1]\sq\\[c.Vamaj-\aX^75\q\\\\&Jlm\\*)G\yN\D\!\}\\\\s%\Ė;}*5\\8>X\ct85Р\p(KjC\dQ\G\j[\)ثܬ<\n[\\|i\j)\\0Zϴ~zSJ\{.8\\٪9<\\9ϨP<\㨭	\ԧ֤AH\0\Ҳ|A\)\\\icoAJ@Bw\Z\\`ӈ\#\\rE4J\A\VE&4\0u\0~ej\36\En݁+2@<\\Z\'tMoLխMlp\r+\~$|$%{-|؏ -{WAS4\r\!\0\xj!%r\ϋ\\fhr++\5\;KQ+m8<b#X!;\4WR*2hѮ?\4\ `\"&Gȿ#t~UЗC~\\\&Qtu\ʢ\0\0*TzX^,sڷ\;O<ڌһ\0\J)N3jĹ9P\D8\"$\;\]C͓\ќF|J许\\\0ۂ@\c+ZJUr0?J0$}\\09\0\0k,gʭ(\8Vvφ?N=U~\>Q\ҴmU|Ϻ:՜5bΕdTVӸ\)4P8P:vbz\nW$\'),(12,'5847335393d21','\\\0JFIF\0\0`\0`\0\0\\0C\0		\r\r\r\r\Z\\0C\n\n\0\0\0\"\0\\0\0\0\0\0\0\0\0\0\0\0	\n\\0\0\0\0}\0!1AQa\"q2#BR\$3br	\n\Z%&\'()*456789:CDEFGHIJSTUVWXYZcdefghijstuvwxyz\\\\\\\\\\\\\\\\\\\\\\\\\\\\\\0\0\0\0\0\0\0\0	\n\\0\0\0w\0!1AQaq\"2B	#3Rbr\\n$4\%\Z&\'()*56789:CDEFGHIJSTUVWXYZcdefghijstuvwxyz\\\\\\\\\\\\\\\\\\\\\\\\\\\\\0\0\0?\0\|i\la+\eɖw\t>\+\'⧌K\}Vm/MxcqS\T\\W\"\FT[R\0M}z\Z\оxߛ\N\\I`\B\ЕGfݙ\|=\\\,\]r\\ -\\\\\O@i_|P>%X2@\\|\0=zTo$3k\\6s\\rlxc\ZT]I\\\\z+1\\Ўl\k7\\\{m%;gz5#DËܘ)\H\\3\ZzGxbA\@\0\n\\5\hF\0]\@\vbkhя#Q\\i9\cwZlcY˨,[f\]\\\)&\[co,đװ\Q\x6[\\\x\n%\\H\m5m38Jm2*U\y\\\<Q\5Fo\"`\1\\o8\<9\\]ڋ:MA\r␾\{\-gkks\h\#z\s\j\\m/V(\\C\I\\\+0兓k\sz\'\\^1X4xʨ=O\\Z^-ҼK\6yJ\\0|\\5\=ך\b\mgC: }*όu\\d+	=a\r\1\Gb9\\\d>GQ].\\0\\A!S\d7\;\Ot5{ۋ#	?ZcKK%RhKy6rD\g#Z\\|3-\7\Hѯ\	Z\4uF*	Yhϧ~\nO\>\"\\w\fu\\?\Ñ^\r\}3_|\\yMRl/6䃕װ[M\nΞm\\=]ԱPW\㫆$\\7[jU p\>?ΡEpX\5\\xz\Zw9\\K\;\\Z`+\\I+&J?>o?JvW2\]!ʘe`F\\n\+K\\f\M\D\m\\=\ߡA\_\rtQ|7\}J̖7LB<\׽}6UR^\[O\\i=_m\\\o\\\\;\!An\0s?hpx\pi>]KJK\PY\nP:F=\\\:x\\lS\\\狤?\qd\D<.z\KMEml\Z꺧i.\_\afs\r\q(\8\r{\6\r\0	x\T\\ť#~J\T\a\\\\\\/(,Ok{EFFkAT%H*\rNZ\\\nؼ<\\\Xݺ]^X录\F\y s\[8UW#՞$M\rz\0Fk\#/\0r\MF:~8;\r\'<i\\\gW4v\\>A\^7\t-?S[B\\@\\\($\Ҿ\Ok\4[q}\Ah1\\\;GM|o\\GD\?t\\\Ka\\0\gMwj\\\Kuup\\V\;z\\\\'^i\c4\SnH\NŇ\o]M_\\\q\6H\\h\\0\\Z?\\O\r\\^\"\5m?L60\\qr\'n㒤G\H&\\>c۟Һm\KW\nX*\\a<D9z#\1x=R\\_\Ms\0b\\C$k0~\\\uR\~Z\05-UayUl\2b*tpylWN~i\\6\]\˨\᜺\\\\-z\\k]\\\A4wgGZ}i\\Q\\\v\3/\\\0\\b]6++$\n/\fi\NZUu\\kZJ2n\'RN\>\/u%\hm\g\G!Z\\\v\\豠b\0\\\\ڎ\\\K\(Pq\\T)\D*՜\x\Bk%䫉%+\\5e|9d\(&S\i[\]\\x\X!8=InT־\=ǔ\_r\ҜZ\3ߩWUMeKR\.n~\g嬌q\\\c!s\5\b\\Dy.w\ZG\\'T\m#i\\\\'\>\%{Z\\Zd\sU$\J3v<v>⽇R\r3y\k\<mq-ԈW\r\v\\ZnWEr7z;\M+\Zukk\{\0G\!byW{\ZߘNC0\	^i\cFkx\@Q!zf_i_\#\0\\(^\\\8h\&%\Mzޣ \\\\\\\yٌn⛨-*\0.\Ե-2V\1\A9_C\-nWe\r_᷅]_\\Z3A9m\W1,\Tqb;\iZ2ZY\E\ZF&9k&\[Uw7er\1q\\<U-\i\y\}\n+\Ͱ\0MO\rR\0H8~h\\l[Q\\\$H41yxRU\vv<<N\yDE*]\*\ZƘ%Stа(\3\}\]zsd-\iK\r\i\W\o=Jm+\1C{\Z>莥I\Mxψ<c\\rzkŻx\\U@\'\0\T[3`:JY-\'7&ޒF*0K\\&8+\\5\\\r$8N\$=!`?&estENiA\\\\\|#y\$֚\4\OU7=U \p@\"|9\029 sϡc\n\&_\r\\*p5TcK\s\\խp^,\\e^\3\0\0=\\?\0Ø\	I{zܱ\:\g\$!\9\\V\\ǹ\X\nH\g\\b\Et\y!7\Z\+\:4~Z!y\Z\\i.\\z\=Ť\n w=3T<\/\=&\\qh\8\8\#?k顭oeGP:\(	CuN!2\"\Z18iJ*]Q\cU\'\.\~&M\Zm?\1\'$08#z\<!\\(A8\\01\=f\wV,\\\gp@\\K\/\\\,\\kɏzU>\_w\p\\\[pUy49U\nxatKϷ\\(?dӠu\I=\{U^\"v/V\ܬ>y\\:q\yDn&\u(\\O\s\,\A\0+x|]־Ǒ[/\y	\z\OM[\M\\Q$\nq\5\x{\ڭҝ$\h֣tBt=~a\s\Ҽ\#ץiլ\r\ }\}\_\m&\'\\Ecҿ\C\夏1S\"5G\\\\Oi\\j7\,oJ\\<Mo\_W~Λ;\}MoxV[-Kz\\Z4\9Â>l\oS\/\|3\nX@}cɯ6\*\\\ҿEa\	\&x/\(\~;\>\\OM\v^?|\O\?qGײ\\\[\\%\\\Z\D}G\J2bfRmS\W\ѿL\p}F\\][`|k\ؤK\ϖ\k\<U\\]D5ܐbO݁j͌{bnЈ[SUӮ\d{\\"\'\n\<ifxr1hd\,:\\0_>x\Ya\fÌ?+?LE\\(\th4ma\ob8\1\=dt5\>&ǭs\>])!px\'5\\\'\'u;	%\Aʃk\0i	|9Ul䳹R>\o3,2\0\\\"\{\\\WQ\\\ѐ=\0\Z\Q\nr>n c0:\	y\cwxm\\\`\3\޾:[C3\\"\\\5\S\Z{Rby,\.\Zw	Y\o$\\<\Z\0Ikĵ`9*#\[ឿ{\(y\\H#!L{\r\\A&;K\\F]\;\#难h\Vظ\\wn\\v 	{l#\PjZ\YJ\nU\'ߥ}\r\\oKI\H\0V:\\o>t\ݦ?\0\\+j%BjO\\n\S\2Lv fHH\	*\\Zl5h\'1*\;w\RyC\f	\ԍ\\4GOVIN\0i̭>&\"\l֜ZUԠ40\nweqev\,d1#J\"&߆\GYB;-}I\ʣ\c\\Q\I#\G\3\C\"\\0\'\ʋsV\5\[\Rnv/t;IUPn\\p\펤\	b\eF\8_ƹ}>bDi)U|ע\ͧ\\[K\\D7;N\\{\RKp\0 \n8\&5#\\L\n3\I\V|90\&`	S\"6`Dpp?\Ԝ}*%aP8F#\WZ\~\d\Zf<Zo/\Zy\=g8\B\\qүZ	>\\`˥\\\ !+ƺ\Z[ΪNΈ44#Uyl86w+\Z\\$\0q\\^7\Pd\n\|\\q\q|\[\g3AuY@\T9\>痉S>k\\\\\\"\S\\\\w;<EX.fo:+\2̣3\^o\D\-6,dq\\x7\4K\c\'\ᵰRur\\R\\n\\\Ԭ\N\f%L/\VVw\\7,wnI\0\5\x\\\>$6w>z\\\ \\\t˩\)\㞤+\S\Q})GV\AiKB2\SLV\\\\ۥ[\\/8=FGӑWx\ķ762\Ӂ*A\n\j\rT3sqyn\3\\p?\ZV\Q	aۂo\x\\X\\T4JϽj_F9X\-e	#b>tϭ|\\\%\0X[\\0S7\qaE<zW\\Wk5\n\\rt\E\lq֥Veg5\=KE4z(\\\Y~$«K}\r	\kgW>(,\(/+\K\wwڏp\\G99P\0:\n\v\\);]b>#__\S-\\\L,\\U宏&j,hG$\i\\c\pZö\\\\rW\z\\W\n38?Z\Qis>nda_xti\<V|\w{U!m\+Y\'P7.89G\rF\rn0\\'5\x\Z\O* (\UK\r\n\dbPZ#\u\\\./.\E\\zt5\-o-upM\D\\i\\k\?\ilr09\\-cXZ\o\]Bq\ܼa )\1^2\Zk.IMOc\\=.y:\2\r8\際Ǒ|[ŕ\Rq\^\r\_\R\f\\n\\\$gW}_[\~E͉4\3>=\XMR\\ׁ\\\0NO\u\D\g+J\lX\\\\no\'֍֧g \$&:\Ari[#$EK\?:\\V[-\!\_2YY\\"@T\J\_\L\5\mn{m]\".F\\\\0w4h^U0!Q$\9Y\^&\O/m\vTw#x[jZQ\4\֔*{E+hxo\_	h\VsA{kgY#A\r͞;\'C3x\\\\Z4\0S8\=+\d\+Fszg\'\*\ale\\x/W0`\8\rǭU\Q\'w;kZ9[\\K\6F\ntJ\ຳ\4g2\Z\\\\Z9\JH\:J\J>\'xKMӭuKFa\s\s\$Y\$h\"Z	w7n\ɜme|\\\^[\֎\o\0\\\Z4{jy\$\\%\"X\D\|\k:`P\\\\\ÿN\\\\\\pp\FW\.iqƱZ\ڭnw\rL^\Z)}\>sF\"pJ\O33(H\Ʈ:\y<~=\\~Ox\Z\EԡYd#r\}{W|7k\b\%7\uc2H\0\\+\o\ZZi>T3g\ь\\SsIa\e+3⏈_ᩝ5]\W<KfX\2\W&pT\( \\K%KiL\)9:e\'\\\\\n\O\i\'cz\6KQn\ֽ\\~\\(.O\ͅ\N}~5\\qS]Bds\]\\חScKau\"\"@f\}k\^)\j0G\guNq\\\Q\\S\z^e\J\n&#\Lry=+g\\"fR\V6i$\nFF8\kxL\~x[nM%Ԏ<\0;Wx\\WB\i\b\y9\,{\O\Z\\ΞqV>ΚZGK.RK\ݥ\̟kH\d1\\\nʘHg~3 ]\.\boyǾ:\\\w5\]~b>̑\$hAJG\2p\s\rH<S_\Z\G5E\aۿ^T\\}\ajbhFRiIGy㯍Q\\x\\\G\bѭ\GUn\\\\_C0\៊GB\cKx\c-\\\|g\\}\\\yebWd\E\dc9鎕\|;\YI%w\)R\\$%qE\kKN	-S\1}9AsIm\}\'{ZL{\eKsD7Gָ\0^2\45=QchH2ǲ{\\~#Zj\\\\K\08gں<)xK\N\'+,|ԃׇQǩ\V?\D߆\mSP\b\b[VoP\؎G\]5Ĉ!g3	\#gk\ ~7k\(4ɮ;Y\}NWρ^%\t\\\4~d.\z\8Ϯkr\DRt\\g|E\g |2\=z\\.R{ig~T\,9\K9\n5\|oӭ\\\\v\[8	\y\^9\t\r\\Z$#p\']\S\\\nԵg\BPN(\mu\\\j?ٷVZ8$eyXùl+\?\oJź)5^\ɐ\0H\zj_\K\K!\cc\<½O,\\\05\Jfۋ9Н8\\մ}.xHm#S\"ׁDZ[)\\>\\Џ`֤wB\0+f\\\\G\hw`\\Ư ?(\w\\\:\,5\',2c3^|Gqs\Il$Қ1\I\{w\-NGB)8\\Z\xGyy\Q\\\ $6\\\0O$+ھ\\xcEӾ\o,?8f\\O$jtKIoK9p	\j\-|=cp\#/?:\\'\ۖ\\\\\ڙ.\\0{W|X\m\7X\\׿q\W18&/\\\Mu(\Hɮ9\.gw\cze)Z\wh\խm:[E\Ɏ\%\- z\Z\o?oXuatG\0!\\q\ֽ~\ny\eS\n\\\H?.!\`7HFc,3\\ړ:IT_\mJZӭ\E\\\\Z\aNG|\Z>1\u\>Ѧk\k\\0\q\g\e%\n\\\\\\\.\v\\Ǧ}3Y>\\n<XAz[\"\\5R\'a#I\\\^}:ꪱ\u\03\\0d:\$\'{g\\Q&:|p+\Dxo|ju\r=d<\;/ L\<\Z\\u\\?Z\֚wGbkb+\߷cӡV\\j\5\\\H\YuEI3\\u=KR\?5k&E\yߙI\\]\5K}&\9t\\?\|\}+\\C}6\\%T6=Nz\ҮxX7\k-\c>w?\\_<T\)-\\խ*>\OWSg	\TP8P:p_\\\\O\>Ύ{w\I?Tp=W\6^\M/$Ivb\c4\\{1\\wa]Xl:Tn\\\0v\p\d\\}+*\<O\zlQn\"U\\'\0\ת|F7\'dJVqz\-\"0\n\.Uvcӭ|\[K@<:\\J1ܒ\\Eu7\\{\hZ={h`#j8\\rN9\xަ~ʴ^>8TiJ\r:>m\m\`To>,p\Z\"\$gyj֚s\979I\`v\5~%V$\"q\'ςf02p	\0+kRN\i\"RӤUMTOR\'zgzW*r>h>֜\Z\0}\<?hzm\\c\"DGue%9\r\{zU}\\[kn|;\\܄\\\\\o:*oű%ՔHZ_\>n\ҰgXY]O\\inrȭ\Ƞ\k\r8I\0\W5uY\^>p^Fl7t`Ḑs\p\2:v\^;x\\\%+\\0\\0m\?p\\\\޹\\tɧ\w ~\w;ՆOӚ\g\0\u9./y\%p\>c1\\\u\tUν*]4;ߍ\\Qb|~\\\~K\J\\w\I%|Ϣ\\G>q\\n\&0S;s޺\9kg<[q\s\4\ޥ\\\/\\y46k\\Y\Zl0\,m8^iАjr~Q\߸\dk|\'9w0\\=S\䢍,h\\A$͒k:RX16I\v\'5\\\\*Ұ5M\"[fi!y\c#]2ZI\'\\s\/\\^\r\nn\[+sy%F˨L\޹=B+\x\+(qȌ<=j/v\\"c\KZ\\'8?WY$1\oY\4~\m\\H\\,~\V\Pϑ\\!<Ӟ<\\\/\rX\n\hb\\V t!\\eh?\-F+ۍɉ2\`tçJ\Ate\&Ӓp8h.Ｃ\nyG.+\lI]\Db\\\F8\\gRT\\?}]y\\\Ԥo\0\\sڢN=\䕃\fM;ijv2{iOǟ\\S\>3״41\0f\c:\}p7`\X\pW\\k/r\x54c7~G\Cz\!\\pH*J=^E\|=M\\\"(\0`!0GS\\9k\\rx\hc\{g#Ӻ\R[\{\ċ \58nV55Gfi\\m\6>EV^\\5\mF\\\\+4y\yS\\\Z_\6Ɖja^\)u3\\s\1Ҹ\WIψF\-\ͱo&C\6\\\\ָlT\JQk\\\~g5l5:^\k!\z\]ev\ּ \#\o&`\cpko\>\F\\\\%f>~\u848.c-&=׌\(\U\5̈\=Z\m\Y\"\.#]\*\0\G\ȰW\P?epG\0?S_#SsJӭeWCk\\u$$g\\\<uՋ\Xt\pD2\4\0\\\\խ>\\L\\5*TXen?:\\.a{qG\ZݿqWc\\|W\ʭ\ԕ8\o\E]v\\r>t\\q\"J9\:Վ\dy7\;\=\~_ L\cf\nR	_~O9C\`ed{x<=:t\]\\w0o^\\\_1\5>sDD3\s\\]ŏ\\T6حl\\dnݴJ\־.s\Ԓm\\\\FOW\>֑\-\n\T\6Dͤ\\NI\\\\*Z\\*\'\4Ӥ\d\]\\&$\\Z@:z\r9<\\\%e\\6\<v潗\\Zvh\W?\ä\\n\Hd\Z~\Kmu0A+\l\~~\^5JQW\_\s\֎#\n.Z\)l\0\\֗\7\\0^\ň9^U\R\<B\,GǨ5\xŖwq\G\01܁\\rzqw\bpZ3\\0x\\]9,;ۈ]\4su\\\u\rGsg`$\FGL>򭧉\\e=\>\\V,Ƕk\/$\,\ҥi\2T\\r\\rǰ\\oZnjb\٤iPi_GkhX+#V\Ӽ\E\0\1nP\k\\]R\Sq\)q\0\*yWSЏJZћT\Z\\o\=Et`\	+=,r\c$\\u\eg\r72\ܼ\	\\+\X5;\c\0\5\\0\rO?\\n\HOҎhԛ7{$o#\wkQ(Pxcؚ紝r\\G\,F67[E\<\N\O\V\vV\\\:\\0?A5#\ԲV}`X_\BJj[jo\\\\\^}\f\96\\=Oֹڮ%\r\jw\\\\޸\\5>&t\\\\\:߬w7ze\\[%9\ \#jcH<k+\\\n\|b\k\PYNd[g>Y\\x?\"߅Z\\Q\\2C\.FE5N5RRz\i\eN\l\M7Fӥil%\zj\׼oq`н\(\FHS^OBt<r[nU+\VSNeX<\v\0\<\"\P\JOc\>Gq+,\B>\0\n\\\0i\n\^תZZ\j\1%8-\\ԅ\#xY%\|U\8\CՕ:W\><7\\Hq!\N:k+\r#g9Rt\zWYƆ9nJeCv>ݜèS\oZe\ыr\i\+k_.E\=\(\u\]wb}+j\\\D\.\+\ܻdO\8=\L>*Z*;\mw}Όcs\\<~āOm*D;\Ie\{\\\Ԟ\V0\2{J9//.t\\:,0;Y_\crk7	\Qv\\||KѶ\ŗTG7S$;Y\c[ºj_RV\nu9\\ߚ?^ѭ[y\eF%a\	5\i\\|D\c\\\B\\0rp?\x\ZFZJ	z\Q*J;<KEG_i\i:mt |\#s]VGT罵keP#,\\LתK\\\2i\\-\EcwC=+\~*vY\\\޴Hx1P\l\0:줩i\\\r\\}3̮>&b\r Ӣ9D7n&p:\"c:|ּ\Ʀo\?l0_\WkدB\9-\8 	nx\rVRGtu҅\?~B{\=񃚻\'Qh^\ol\'\c@\X\\N1PdEP\\T\\\\\>0?;q@\qh̫$\\+\qӌr:~uCG\}B\H\\\u/\\GԒ\9\\#\@z\0\\rZhCZ$\0\N@j֭8߹ld+\`5;\,\q[y\;TZ<lFe\"\N2O\{\]\ooc}ݾJ\%\b1C*[\x\r\os۾k\Ri{E$Ȗ[s1\\\X\\\\[\n_	\0\$s+)\"BKb&G&\bUq\\v:\Z\\\]m\r^ Q8Y\9\q^\Sl\BFX^/\5\\R\\1qRw\\\z\0\}\8H\\N?\"+U9 \8\SN\9R]q\nX6\^\-\.\0px+xύ5msq*m2\\\\0\X񾟨Z̘\ծa\~b?CF\>x\eVlϲC_\B\\a2ǓaOz\J-\oTePJڋ\E>\P\˪X!\m\\׃+\4c\Xn=w_\\Z8QS\re9-\\Wwc(\B~O,a}J\\\\v\\>\HadkB\UV73nN\b\kIo<\l&m\n\15Ġ\\\t&\\؊;{Y$\{rI\mt\0\Z\\\\5Kh\Df)8h\\0#\0J>#\\)\f>E\T㯸\\\u\Ȉ\1\:\洂J\7WT>j_e\\2Ƿ˂\3 tn\J\|3\\\u] F۞3Zw^d\L#֟?4حٴuYx~\\U\i\-6E\{v\\gbn\,G`z\\<_\-+$\ĞrNm\v^;c\\z\\n\A$\0a,\j·l\0\eO\߹?2GE\M&\\\	\\\GGc\\4Xt7f\b\:O-22Iʟ\\W;u|Eَ{\'a\\%\HP\0\*\\u\\mRבX\\m4\r\n`8\f\0\\ܽm\\\\'~\\^ ї\w!Q\}\˅\9ӧj\\졚=q-|c:iM\:qY^=\\]\\\!VB\g8~^\\\\5P\uc\`X[\}#ֽ\>Η`Αf;y!l>;PpO=Ey\'ğ\WZZ[\X%c,k8\\^p\57\'\\\\A^Y$\V7s{-\h<\r-\I\bf0\\\1\Ƞ8\Њ\~$}X\\0F\nTt\\W\~񦓮xn\\X`xw$8\󴃜\WN\Z)Jkk\^?&|Z\\%B\r\Nz\\r\z\//gBݦ\p6H\Gc]\\ɦ.r\/lr@yo|îx8\qZ;\0\I\\\!\%ſ$Dr@Rx\\\\83q\zp2	$ٺj\׋o\\)m\0`!}\9P\t\W;\"6aN<\\rnxG񏅚,3F^7FބsQK8ڤ^ꎚ\nyeu}\7f-\V7<N϶GcT4\n\\\4[	0=#\\侶\LG\$\\Y}s\]gmۘ\`\\,+\%R> \ry\\N/\\0KN\\\xxFG\\\nN1x\kѴq<@P,q?\Y\oiu?\0s\\"]K6hZ/v/\8T~Cr\\\t+\ƣh\5)$X\c\K9#\ҹ\6\˘a\gp~\7\[vh-b>\Y^Gr#2\'>\\ntbQn>͍\\\\2\_^s\Mu\0y\\׀_Yd2(\'\\(\~\"]Z]ӱKq1~bXeE3F\! dc]EОY8rC\\\OO22\\\\^\{g^!$V\zB;dwyTY,\\	2ڲ\m\\\0\V\\ėhOol˅\8\^\3\\\=LB^f(\\\Z9\=?νG\\ӓ\r]Ƣ$\\\\\F+7P[ƈ9u\\:\9\s\*֥\\ߧ\$_\5߃\Վ\"Js\\W\#F\2Id\iȱ7\L\0*+W\\5(=h.\Oq\zW[BDkיu$KBqدj\ɨj\奔o\\n\\\w\<zs]T\\*ڏ\r\O\Z\rcT5\eWG	\L\\(ӵ\tthei\Gȗ\$\\ۨ\|C&I0ߵ\¸9\01]\?\jZ\w3$\klf\0g (8\wq\\\\TU\[p\\.RܓS\ce2\mf\\6y\k\femLN׌\vL,EUYfo3e]뗾=:yHC\9ϱ-Yhڽ\<E\Y;X\Z-б`( ۭ|\X<C\}0\x-#h\\s\=	\\u^\-kƳ]\4b*QGa\\+\Za5eA%\@\T\Zv\Zq{&yOA\7\0Yg\ϼ={q^\\\\\rӯ\\\æ=+Р\L[9\?)PYrG\\溛\\Ogh\Ԯ<\`8 c\0y*\2\6NJZ\\\,%]Y\p98=\s[\|ʺڃ9κ\2\\\d-f;\1w\lsڱ\b\\O>g2K\rr@9=籴T{𕢡GZxYWҵ)\mi\_pr8?ҹWZ+\\\\Aw*IK\\\d8=re\"[\'TUbv\\r\Ƿ\Twͻ\BKG\\gv\\ER\?5\\ګr؝\(\?\ڄ:zh\\\\\4*a܃<u\Zl\ZyVJu\a\GjjC\GJqV]ӵQ=C(lI\<\qǽr\\.]:\n\	#*W\0\#\\\\-$cq	ϽqjˬY\7\*=3J)\+9*N\n\Y\XjN\e?8(@Be\'\\yZ\\\?\\2\F\ds\\Z\Z[B\5\~R\S\iY\B)bxT!k	S\ߺc9:I{7}\}V\Sv\I\rԺ,\r\5\\\0\\ФOSkZ\bo|x\sI}Z\&Qs-\ʕo\\O|W/\\\\\؊U}ߵ\tg)#\da\=\*\\\l\\S1\0Md=ڼ\\\\۬iy@x϶k\4R\LQ;v+ᨫAQ[\qIBn\\tGw8X1\{0:\ߣ\"a.\MT\\EjxEܬ\\\j\M\+\$J!7(\q\?J\\Ms.Gs*i=\*L>L~dÙWw\uWQ\\\5 &k\2Y\Y.	\Ocj\סwG2v\Hg\]Əq^\J\\$>`\eaу`9\vFt\%6r\Y\Vז\^]gl\\~\}kY䴈\\\\\x?>=7\Vc	\/tO3u\s$<dpC\1MR\N2\h\\\\˼d~~\2\\ٙ\'\k2\k\\2#\0\ps\;Um~K\I,zU\ǽc/	\\<ӥ{kUy\\v\I\~x[&\\0\\\'Rw99[qV!׼3}ngZE\:@\V>\Xi\\&\0s\ڧm7#Gј|W)5\:w	\DFC9\|`gu+GSN+ǋ\\\N\]S2!\܌p@\ZLѬl9\lA\+\wٍ\𯔼\^׮m\l\'پg\NI\0h\_R=\u\X\\F\\Ԍ~&MƟMjsY\+ՏϞ7E\[U?y\\x]4n\\"\$VI1־e嶣A\P\%%ڱVe\þq\Ҽs\|1Em<W=ANB烚\\8F\\\\ޭSLϘmݸXfsN\+DW]\nW\5 I2JL4Y\e=A\Y\0-\(\\A2G\ro/ҺMٳ\nrihoEž\yn\0ǡ×Q{^t\\X\`\-ψ4\^\0̒.\d\z\I\YL<ݲy`{\\"T\$\\A\\4u#cLyo\\\0f\\\D,Աz\\E\\\ʬ:\rydWk95K\ڄ\\ٟI|iew$\o9\yacc}Hx̎nk\\cMԴ浻@\H\_(\\n\'[\ 6ڳș!W9f=\0\~X\N\\\|úWGj\\գ[W^B\\\0\\3\Ѓwn\;m,Eq#_*+\\\Ӟ\\\Ҳul\q(x\Mx\skǎ3/t\\\\Z\ohY\bv\\9\\r_\\\\\^4qGo\B7\X\U=Js}*\0la4\#N&Mt\@QISN\\\\c&\6\Yyd28v\\m\\n\\֏&=\^YR\Xy\p3`AWs\f\Ɛ\}idq۞^\C\7imKX\\<Ncs,\\\n2\Y\\\\+\\*;br\\\[.\nA3qs\G\j=I\o\\nٖ.ԏjhӚSu~\//c-wG}\i^ºG2g \\\^\\\:w\\"Y\"b6+\\\q{pk\_4:+]\@\g=?N\W\nL{\\p\n\n5u].5-{\ɦ\fR\lxv6!0+\\\N\\Ҵ{4e\5\\u\F\[\?Z?A%9\\Z>ֺ\rHoKFca\\H_:3\\!M#i6<wiF\IrCjw+\\P{1~j\rdo08ϛ2F\\=2\ryֵ\ \m\\N\7^JYϭ4L.\r=\Q%Z\ZI/sy\T/\'\E?]N\K5kVR\\e\ n\^k\Q]\\\\"9\\>k\Ha\ZsRgA+\06\3\ǧ\\g4\Vm\Z]\61\c \0	\Np>!e+Ň\ћ\mP֣<)Z2Hawn)j\g\r\߱!𗊴뉆,C(\T\r\>{\'\$O!eEn\\\8>\Ԩ\I\nO\r4iQά\:\0	\q޴!\\'4\2\g湉Ç̑A*\\\-=`\qcV\'(Ʒʏ\\fm/\!C~	8Esg\7[0\\Tdg.\\գG8ʬC$zTk\}\\z\!\zUS\6&s\wtүf\\.\\GԊR\l+\|qz\\\\MB7grw\{uZ\_F_JPo\8\\8$i^y\bQ\zj\u\\L0n	I.\G j\199\\\}@\K\C\0(\z7v^Kd\\5\\\TQװ\m\\ldy,	s\\溽\=iM]ևmlȹp]\\F	\'\c+\ՃDF6$!\'Py*8\FC\\`HGR}N*äm5\\0\_O5)J\\\Q(\\aE\\pOX&=2I\8\s\j\щ\RF$~86\%}?E5*ͷcؚ\I\&\\6ѐ|Wun\N\=Ld\cYޛiX\,2)2\m⢕9\}J[4|\\~\~+o\A#\\Tg\a\\cJ\>\t\-t\Y\z28=:\0uOw^Ht\\y\%h՝\)mg1%\e4\Ƚv3\c_!\nu\\n=\0$\y/K6r\+\\Ub\\\x\0$5Rǒq\I\V\\\\X6֨\Zr>}HRjjoV.cI\\Lp*x\Z\\\\6d(-SM!߸J\q\qZ>Hh\:\_j\Ē:#[\\\\\6N8\ݬ\\J4+\c\g+\e\\)\nY:|ѱ,\2v?\cZԮqʫU9;\>\<\q\\~SHԴ\\0/X8kKGC%\[`H\x8\w\=\\Or$RQ\c=9\v\\\ǒn\\\hk\Z}\rX\\7B\2t:ީY\g2Z)\"m\	\XǁW#u᥂a-\\`#ޖ.20p$AҡR^䮻=>\w=\nxM_4|NͼR\0&#@n}ȬI<a\\Z\\\ZR=|n\y9˙?\CE]6\g[\'T\)aP\\zWGH/f\\\C(3a˗{\0\\\SiH,Q1\0~\D|9\}\\\c2%1>vZ\њ\8\ x\fwBVC\r9\SX\TQFӮ~\'%LƢ\\'yL[x֞nl\4\: \v\GW7xJsi\$\@Pz׎X\5{;\0t6~+\\C<\0\S\qQWT_\rdԬ\sF;]<yrH\=pIj-\'B\\0n!@\\dE\'\8\2H积jg|hp<+\\HVefQi<\\'s\Z\JKFG\rCLЬ\X\\ .\lm\{\4\Skw\\\o\02z4h\\q\:`b\\[A -u\Dy㿥L\'8?z6!˕/\fƓ\r\b@0R\Z|W\ͧGRJ@{\U\k\+[<\\\\\\?.t%O2I$2ǃ\\S%F|V\ntܣy?\\\6\&|7rn\"@w\犩o|>}+\0^ip(!X\#\[}M\7sq!ڣ*U\jB\Z\rXI\C\\\Z^ċed\r*\\I\0YI\\\xC\S\\\\Wh$\ZJ\=\kӴ}>\KK]:\+xPaR5x\\,R\&#v\\HK\\lc=˖8?\\\\wg.֛\"\#\ҟJ\٘_F|\\./\7O\\ehfs-\H\\\\?)x\0e\I-#W\\\}=ȴv$rGq\\}\yf\n \,prW\\4tD\Z|,hĶRPz2KK ek\_\\ZѼ9\n\#|Mx3>zJK\`\|u[\\Qu?ꐏdrA\\Z՜lC	gn׽|!Ѕ_gE].5G\1F\\\9U\06\}G\0[5yhgffvl=릶Ӥo\\\n0=\n\?δM-BTێ2[RB[\j%D\\\n\7#LqZ\ob#Cִjm79\\Ey(8N^WCwȠm9\ci\Ww,LѼ\s\_\o\rXT\\[Ǫ5\*܀M\\~1nrW;`\ަ\\\\\\\\	m|t\X^-ŲJ\J|\tf\*)\0+O(\n\c\Q\KY#\0,)\I߱Ъ:vI\\\Yh\!\G\d\\ds}Vn.\)0\Qڴ%^1S7ʬ\s;H\T<8=Jw\L$(\~\3cD\9:]F-4UA\\e\Ҹ\V4\[I],n<\\W2\!Pǂ\T5y\\/U}Rд,#Z<USJP¤\\Wvx\q8\0-ֵ3gcj$fX\XVw\\JʯؓkR\$L܃A机V\ai\C]~ͨ\A?ot\0h\\@7n\0yj\Z|\lD;x5\Xx\F(\9lrWdqY~\"6vxo	\\JRTjnmx\q.}<\&o\Z\r\\\<mc]ƕe\\4oM+y\Z\Q\\"\r\O#\H\U\Z\\"\"A\UqUm\h\j\R6]Њ\f\\#ːU[ei\NjCc!{WDcs	2fx\3Lcֲ\\9ڮFx<Vn\w),p\\\Et\)\"\\QNݎj3ʑGJElka5xO\\\0\n\X\kkK=1\넑e7|c\׺)ȥk:\H8>\\\?~\|At\7E<vM\0\\՘~z\|A\0U\> \\!I\tKr\ET\e\K\rX\nvq\?<{ĞKxu\r^\\ Ȥ<a\Yc^U\\(^2wF\\~NZ\+j0\ƻZwX\0\X3\Ҿ2x{Ï\cn\\ŸUᛩo뚱Ϟ(\~)A\?\Zxz\Nм?t]C^]DpY\Y\ہ\\\e\9\\\\:a\M^\\<xU\\+GGȨb>U\V\~ƿH>6\<e\\\%WV\G\0Ư\\\u\3ZI1H\W 0\qcp)=V\5\j`[`~Z\\\ҭ^7L\0\fijPB\9\\]4҄44Tbu\\E߶\_)\On\6O\\01e\H\0\W`c~\]\7911\\F\9X\\\\r\\#?ҸqR\澌\\$Ax%\'\nx\\E_2\\\\\o\.\B9E\0+\ֱ%Oʆ)8\OҸj%v\m[j߁Z\N{xˈ\\+\=\r\ZKh/!aMɑ\\Z\\\<\ \e\0\\cҲ%8ij˚\I#\m\\\D#>\Z\\\\\ڼo\\RW\:\Y隞,pƑ?y`κ	j\]5RAr2\e\0t5\X\>\挹jCNxI\	\\\\r\O\u\2Y\kq#FE?\^p\k\\B\Jvq\\Y7,c\R\Ԁ.#S\lWN\(\d\Wf`wɉRFn+\Z\\\6iuadnՅ\(\\EqueoOZ߃-\ݪ\U\HCaIN-M%(l~\B\n\̫+r\\iѱB7u\\vV1ELc\9dI*k\!>W5\E\\7˜t\Uy\Mn܎:R]47cZƛ9Ds\6?*\u[\n%\\\=䥷=k9\\t\)\"mri7\+.A\c\0Ut;W#\<7\2[ \;WCVd&I*i\r>\\Q\Ḱ \i}i\;<f!I<\\d\e4Ӱ\,.\\}:\!\W\/\+kqjEq~\\n#\5\J\DLgj\\ԧ\Zqч]D|׾x\C\g\\\nѭC`B޼խzUPN=\^\0t\\'!x/kl|1\$g7d/]\\Vȳr.r\\hel\9\\\\ףR\NI\\\b\\\c\[\\Z2h\'\\\]\N\s<mq\\\[GÈ,u!weJa<\p\\^ߩ3~RgKt(=N+2C&1\ڳt\-v\AI\|m6\=\ZN\\\0T*\ں\\4\Q:\@\\\4q4Ф\\$V|=\ht\D	%\~kU\ \ǭ(҄l\V\Z*hZp\cN>j\\j!\3ڼV\"t \3ᆬ\"\kD\\I\&y\'p\\7#\M>$?\\;ZܤH>_\9w\N\\\1]\sq\\[c.Vamaj-\aX^75\q\\\\&Jlm\\*)G\yN\D\!\}\\\\s%\Ė;}*5\\8>X\ct85Р\p(KjC\dQ\G\j[\)ثܬ<\n[\\|i\j)\\0Zϴ~zSJ\{.8\\٪9<\\9ϨP<\㨭	\ԧ֤AH\0\Ҳ|A\)\\\icoAJ@Bw\Z\\`ӈ\#\\rE4J\A\VE&4\0u\0~ej\36\En݁+2@<\\Z\'tMoLխMlp\r+\~$|$%{-|؏ -{WAS4\r\!\0\xj!%r\ϋ\\fhr++\5\;KQ+m8<b#X!;\4WR*2hѮ?\4\ `\"&Gȿ#t~UЗC~\\\&Qtu\ʢ\0\0*TzX^,sڷ\;O<ڌһ\0\J)N3jĹ9P\D8\"$\;\]C͓\ќF|J许\\\0ۂ@\c+ZJUr0?J0$}\\09\0\0k,gʭ(\8Vvφ?N=U~\>Q\ҴmU|Ϻ:՜5bΕdTVӸ\)4P8P:vbz\nW$\'),(13,'5847399c49feb','\\\0JFIF\0\0`\0`\0\0\\0C\0		\r\r\r\r\Z\\0C\n\n\0\0\0\"\0\\0\0\0\0\0\0\0\0\0\0\0	\n\\0\0\0\0}\0!1AQa\"q2#BR\$3br	\n\Z%&\'()*456789:CDEFGHIJSTUVWXYZcdefghijstuvwxyz\\\\\\\\\\\\\\\\\\\\\\\\\\\\\\0\0\0\0\0\0\0\0	\n\\0\0\0w\0!1AQaq\"2B	#3Rbr\\n$4\%\Z&\'()*56789:CDEFGHIJSTUVWXYZcdefghijstuvwxyz\\\\\\\\\\\\\\\\\\\\\\\\\\\\\0\0\0?\0\|i\la+\eɖw\t>\+\'⧌K\}Vm/MxcqS\T\\W\"\FT[R\0M}z\Z\оxߛ\N\\I`\B\ЕGfݙ\|=\\\,\]r\\ -\\\\\O@i_|P>%X2@\\|\0=zTo$3k\\6s\\rlxc\ZT]I\\\\z+1\\Ўl\k7\\\{m%;gz5#DËܘ)\H\\3\ZzGxbA\@\0\n\\5\hF\0]\@\vbkhя#Q\\i9\cwZlcY˨,[f\]\\\)&\[co,đװ\Q\x6[\\\x\n%\\H\m5m38Jm2*U\y\\\<Q\5Fo\"`\1\\o8\<9\\]ڋ:MA\r␾\{\-gkks\h\#z\s\j\\m/V(\\C\I\\\+0兓k\sz\'\\^1X4xʨ=O\\Z^-ҼK\6yJ\\0|\\5\=ך\b\mgC: }*όu\\d+	=a\r\1\Gb9\\\d>GQ].\\0\\A!S\d7\;\Ot5{ۋ#	?ZcKK%RhKy6rD\g#Z\\|3-\7\Hѯ\	Z\4uF*	Yhϧ~\nO\>\"\\w\fu\\?\Ñ^\r\}3_|\\yMRl/6䃕װ[M\nΞm\\=]ԱPW\㫆$\\7[jU p\>?ΡEpX\5\\xz\Zw9\\K\;\\Z`+\\I+&J?>o?JvW2\]!ʘe`F\\n\+K\\f\M\D\m\\=\ߡA\_\rtQ|7\}J̖7LB<\׽}6UR^\[O\\i=_m\\\o\\\\;\!An\0s?hpx\pi>]KJK\PY\nP:F=\\\:x\\lS\\\狤?\qd\D<.z\KMEml\Z꺧i.\_\afs\r\q(\8\r{\6\r\0	x\T\\ť#~J\T\a\\\\\\/(,Ok{EFFkAT%H*\rNZ\\\nؼ<\\\Xݺ]^X录\F\y s\[8UW#՞$M\rz\0Fk\#/\0r\MF:~8;\r\'<i\\\gW4v\\>A\^7\t-?S[B\\@\\\($\Ҿ\Ok\4[q}\Ah1\\\;GM|o\\GD\?t\\\Ka\\0\gMwj\\\Kuup\\V\;z\\\\'^i\c4\SnH\NŇ\o]M_\\\q\6H\\h\\0\\Z?\\O\r\\^\"\5m?L60\\qr\'n㒤G\H&\\>c۟Һm\KW\nX*\\a<D9z#\1x=R\\_\Ms\0b\\C$k0~\\\uR\~Z\05-UayUl\2b*tpylWN~i\\6\]\˨\᜺\\\\-z\\k]\\\A4wgGZ}i\\Q\\\v\3/\\\0\\b]6++$\n/\fi\NZUu\\kZJ2n\'RN\>\/u%\hm\g\G!Z\\\v\\豠b\0\\\\ڎ\\\K\(Pq\\T)\D*՜\x\Bk%䫉%+\\5e|9d\(&S\i[\]\\x\X!8=InT־\=ǔ\_r\ҜZ\3ߩWUMeKR\.n~\g嬌q\\\c!s\5\b\\Dy.w\ZG\\'T\m#i\\\\'\>\%{Z\\Zd\sU$\J3v<v>⽇R\r3y\k\<mq-ԈW\r\v\\ZnWEr7z;\M+\Zukk\{\0G\!byW{\ZߘNC0\	^i\cFkx\@Q!zf_i_\#\0\\(^\\\8h\&%\Mzޣ \\\\\\\yٌn⛨-*\0.\Ե-2V\1\A9_C\-nWe\r_᷅]_\\Z3A9m\W1,\Tqb;\iZ2ZY\E\ZF&9k&\[Uw7er\1q\\<U-\i\y\}\n+\Ͱ\0MO\rR\0H8~h\\l[Q\\\$H41yxRU\vv<<N\yDE*]\*\ZƘ%Stа(\3\}\]zsd-\iK\r\i\W\o=Jm+\1C{\Z>莥I\Mxψ<c\\rzkŻx\\U@\'\0\T[3`:JY-\'7&ޒF*0K\\&8+\\5\\\r$8N\$=!`?&estENiA\\\\\|#y\$֚\4\OU7=U \p@\"|9\029 sϡc\n\&_\r\\*p5TcK\s\\խp^,\\e^\3\0\0=\\?\0Ø\	I{zܱ\:\g\$!\9\\V\\ǹ\X\nH\g\\b\Et\y!7\Z\+\:4~Z!y\Z\\i.\\z\=Ť\n w=3T<\/\=&\\qh\8\8\#?k顭oeGP:\(	CuN!2\"\Z18iJ*]Q\cU\'\.\~&M\Zm?\1\'$08#z\<!\\(A8\\01\=f\wV,\\\gp@\\K\/\\\,\\kɏzU>\_w\p\\\[pUy49U\nxatKϷ\\(?dӠu\I=\{U^\"v/V\ܬ>y\\:q\yDn&\u(\\O\s\,\A\0+x|]־Ǒ[/\y	\z\OM[\M\\Q$\nq\5\x{\ڭҝ$\h֣tBt=~a\s\Ҽ\#ץiլ\r\ }\}\_\m&\'\\Ecҿ\C\夏1S\"5G\\\\Oi\\j7\,oJ\\<Mo\_W~Λ;\}MoxV[-Kz\\Z4\9Â>l\oS\/\|3\nX@}cɯ6\*\\\ҿEa\	\&x/\(\~;\>\\OM\v^?|\O\?qGײ\\\[\\%\\\Z\D}G\J2bfRmS\W\ѿL\p}F\\][`|k\ؤK\ϖ\k\<U\\]D5ܐbO݁j͌{bnЈ[SUӮ\d{\\"\'\n\<ifxr1hd\,:\\0_>x\Ya\fÌ?+?LE\\(\th4ma\ob8\1\=dt5\>&ǭs\>])!px\'5\\\'\'u;	%\Aʃk\0i	|9Ul䳹R>\o3,2\0\\\"\{\\\WQ\\\ѐ=\0\Z\Q\nr>n c0:\	y\cwxm\\\`\3\޾:[C3\\"\\\5\S\Z{Rby,\.\Zw	Y\o$\\<\Z\0Ikĵ`9*#\[ឿ{\(y\\H#!L{\r\\A&;K\\F]\;\#难h\Vظ\\wn\\v 	{l#\PjZ\YJ\nU\'ߥ}\r\\oKI\H\0V:\\o>t\ݦ?\0\\+j%BjO\\n\S\2Lv fHH\	*\\Zl5h\'1*\;w\RyC\f	\ԍ\\4GOVIN\0i̭>&\"\l֜ZUԠ40\nweqev\,d1#J\"&߆\GYB;-}I\ʣ\c\\Q\I#\G\3\C\"\\0\'\ʋsV\5\[\Rnv/t;IUPn\\p\펤\	b\eF\8_ƹ}>bDi)U|ע\ͧ\\[K\\D7;N\\{\RKp\0 \n8\&5#\\L\n3\I\V|90\&`	S\"6`Dpp?\Ԝ}*%aP8F#\WZ\~\d\Zf<Zo/\Zy\=g8\B\\qүZ	>\\`˥\\\ !+ƺ\Z[ΪNΈ44#Uyl86w+\Z\\$\0q\\^7\Pd\n\|\\q\q|\[\g3AuY@\T9\>痉S>k\\\\\\"\S\\\\w;<EX.fo:+\2̣3\^o\D\-6,dq\\x7\4K\c\'\ᵰRur\\R\\n\\\Ԭ\N\f%L/\VVw\\7,wnI\0\5\x\\\>$6w>z\\\ \\\t˩\)\㞤+\S\Q})GV\AiKB2\SLV\\\\ۥ[\\/8=FGӑWx\ķ762\Ӂ*A\n\j\rT3sqyn\3\\p?\ZV\Q	aۂo\x\\X\\T4JϽj_F9X\-e	#b>tϭ|\\\%\0X[\\0S7\qaE<zW\\Wk5\n\\rt\E\lq֥Veg5\=KE4z(\\\Y~$«K}\r	\kgW>(,\(/+\K\wwڏp\\G99P\0:\n\v\\);]b>#__\S-\\\L,\\U宏&j,hG$\i\\c\pZö\\\\rW\z\\W\n38?Z\Qis>nda_xti\<V|\w{U!m\+Y\'P7.89G\rF\rn0\\'5\x\Z\O* (\UK\r\n\dbPZ#\u\\\./.\E\\zt5\-o-upM\D\\i\\k\?\ilr09\\-cXZ\o\]Bq\ܼa )\1^2\Zk.IMOc\\=.y:\2\r8\際Ǒ|[ŕ\Rq\^\r\_\R\f\\n\\\$gW}_[\~E͉4\3>=\XMR\\ׁ\\\0NO\u\D\g+J\lX\\\\no\'֍֧g \$&:\Ari[#$EK\?:\\V[-\!\_2YY\\"@T\J\_\L\5\mn{m]\".F\\\\0w4h^U0!Q$\9Y\^&\O/m\vTw#x[jZQ\4\֔*{E+hxo\_	h\VsA{kgY#A\r͞;\'C3x\\\\Z4\0S8\=+\d\+Fszg\'\*\ale\\x/W0`\8\rǭU\Q\'w;kZ9[\\K\6F\ntJ\ຳ\4g2\Z\\\\Z9\JH\:J\J>\'xKMӭuKFa\s\s\$Y\$h\"Z	w7n\ɜme|\\\^[\֎\o\0\\\Z4{jy\$\\%\"X\D\|\k:`P\\\\\ÿN\\\\\\pp\FW\.iqƱZ\ڭnw\rL^\Z)}\>sF\"pJ\O33(H\Ʈ:\y<~=\\~Ox\Z\EԡYd#r\}{W|7k\b\%7\uc2H\0\\+\o\ZZi>T3g\ь\\SsIa\e+3⏈_ᩝ5]\W<KfX\2\W&pT\( \\K%KiL\)9:e\'\\\\\n\O\i\'cz\6KQn\ֽ\\~\\(.O\ͅ\N}~5\\qS]Bds\]\\חScKau\"\"@f\}k\^)\j0G\guNq\\\Q\\S\z^e\J\n&#\Lry=+g\\"fR\V6i$\nFF8\kxL\~x[nM%Ԏ<\0;Wx\\WB\i\b\y9\,{\O\Z\\ΞqV>ΚZGK.RK\ݥ\̟kH\d1\\\nʘHg~3 ]\.\boyǾ:\\\w5\]~b>̑\$hAJG\2p\s\rH<S_\Z\G5E\aۿ^T\\}\ajbhFRiIGy㯍Q\\x\\\G\bѭ\GUn\\\\_C0\៊GB\cKx\c-\\\|g\\}\\\yebWd\E\dc9鎕\|;\YI%w\)R\\$%qE\kKN	-S\1}9AsIm\}\'{ZL{\eKsD7Gָ\0^2\45=QchH2ǲ{\\~#Zj\\\\K\08gں<)xK\N\'+,|ԃׇQǩ\V?\D߆\mSP\b\b[VoP\؎G\]5Ĉ!g3	\#gk\ ~7k\(4ɮ;Y\}NWρ^%\t\\\4~d.\z\8Ϯkr\DRt\\g|E\g |2\=z\\.R{ig~T\,9\K9\n5\|oӭ\\\\v\[8	\y\^9\t\r\\Z$#p\']\S\\\nԵg\BPN(\mu\\\j?ٷVZ8$eyXùl+\?\oJź)5^\ɐ\0H\zj_\K\K!\cc\<½O,\\\05\Jfۋ9Н8\\մ}.xHm#S\"ׁDZ[)\\>\\Џ`֤wB\0+f\\\\G\hw`\\Ư ?(\w\\\:\,5\',2c3^|Gqs\Il$Қ1\I\{w\-NGB)8\\Z\xGyy\Q\\\ $6\\\0O$+ھ\\xcEӾ\o,?8f\\O$jtKIoK9p	\j\-|=cp\#/?:\\'\ۖ\\\\\ڙ.\\0{W|X\m\7X\\׿q\W18&/\\\Mu(\Hɮ9\.gw\cze)Z\wh\խm:[E\Ɏ\%\- z\Z\o?oXuatG\0!\\q\ֽ~\ny\eS\n\\\H?.!\`7HFc,3\\ړ:IT_\mJZӭ\E\\\\Z\aNG|\Z>1\u\>Ѧk\k\\0\q\g\e%\n\\\\\\\.\v\\Ǧ}3Y>\\n<XAz[\"\\5R\'a#I\\\^}:ꪱ\u\03\\0d:\$\'{g\\Q&:|p+\Dxo|ju\r=d<\;/ L\<\Z\\u\\?Z\֚wGbkb+\߷cӡV\\j\5\\\H\YuEI3\\u=KR\?5k&E\yߙI\\]\5K}&\9t\\?\|\}+\\C}6\\%T6=Nz\ҮxX7\k-\c>w?\\_<T\)-\\խ*>\OWSg	\TP8P:p_\\\\O\>Ύ{w\I?Tp=W\6^\M/$Ivb\c4\\{1\\wa]Xl:Tn\\\0v\p\d\\}+*\<O\zlQn\"U\\'\0\ת|F7\'dJVqz\-\"0\n\.Uvcӭ|\[K@<:\\J1ܒ\\Eu7\\{\hZ={h`#j8\\rN9\xަ~ʴ^>8TiJ\r:>m\m\`To>,p\Z\"\$gyj֚s\979I\`v\5~%V$\"q\'ςf02p	\0+kRN\i\"RӤUMTOR\'zgzW*r>h>֜\Z\0}\<?hzm\\c\"DGue%9\r\{zU}\\[kn|;\\܄\\\\\o:*oű%ՔHZ_\>n\ҰgXY]O\\inrȭ\Ƞ\k\r8I\0\W5uY\^>p^Fl7t`Ḑs\p\2:v\^;x\\\%+\\0\\0m\?p\\\\޹\\tɧ\w ~\w;ՆOӚ\g\0\u9./y\%p\>c1\\\u\tUν*]4;ߍ\\Qb|~\\\~K\J\\w\I%|Ϣ\\G>q\\n\&0S;s޺\9kg<[q\s\4\ޥ\\\/\\y46k\\Y\Zl0\,m8^iАjr~Q\߸\dk|\'9w0\\=S\䢍,h\\A$͒k:RX16I\v\'5\\\\*Ұ5M\"[fi!y\c#]2ZI\'\\s\/\\^\r\nn\[+sy%F˨L\޹=B+\x\+(qȌ<=j/v\\"c\KZ\\'8?WY$1\oY\4~\m\\H\\,~\V\Pϑ\\!<Ӟ<\\\/\rX\n\hb\\V t!\\eh?\-F+ۍɉ2\`tçJ\Ate\&Ӓp8h.Ｃ\nyG.+\lI]\Db\\\F8\\gRT\\?}]y\\\Ԥo\0\\sڢN=\䕃\fM;ijv2{iOǟ\\S\>3״41\0f\c:\}p7`\X\pW\\k/r\x54c7~G\Cz\!\\pH*J=^E\|=M\\\"(\0`!0GS\\9k\\rx\hc\{g#Ӻ\R[\{\ċ \58nV55Gfi\\m\6>EV^\\5\mF\\\\+4y\yS\\\Z_\6Ɖja^\)u3\\s\1Ҹ\WIψF\-\ͱo&C\6\\\\ָlT\JQk\\\~g5l5:^\k!\z\]ev\ּ \#\o&`\cpko\>\F\\\\%f>~\u848.c-&=׌\(\U\5̈\=Z\m\Y\"\.#]\*\0\G\ȰW\P?epG\0?S_#SsJӭeWCk\\u$$g\\\<uՋ\Xt\pD2\4\0\\\\խ>\\L\\5*TXen?:\\.a{qG\ZݿqWc\\|W\ʭ\ԕ8\o\E]v\\r>t\\q\"J9\:Վ\dy7\;\=\~_ L\cf\nR	_~O9C\`ed{x<=:t\]\\w0o^\\\_1\5>sDD3\s\\]ŏ\\T6حl\\dnݴJ\־.s\Ԓm\\\\FOW\>֑\-\n\T\6Dͤ\\NI\\\\*Z\\*\'\4Ӥ\d\]\\&$\\Z@:z\r9<\\\%e\\6\<v潗\\Zvh\W?\ä\\n\Hd\Z~\Kmu0A+\l\~~\^5JQW\_\s\֎#\n.Z\)l\0\\֗\7\\0^\ň9^U\R\<B\,GǨ5\xŖwq\G\01܁\\rzqw\bpZ3\\0x\\]9,;ۈ]\4su\\\u\rGsg`$\FGL>򭧉\\e=\>\\V,Ƕk\/$\,\ҥi\2T\\r\\rǰ\\oZnjb\٤iPi_GkhX+#V\Ӽ\E\0\1nP\k\\]R\Sq\)q\0\*yWSЏJZћT\Z\\o\=Et`\	+=,r\c$\\u\eg\r72\ܼ\	\\+\X5;\c\0\5\\0\rO?\\n\HOҎhԛ7{$o#\wkQ(Pxcؚ紝r\\G\,F67[E\<\N\O\V\vV\\\:\\0?A5#\ԲV}`X_\BJj[jo\\\\\^}\f\96\\=Oֹڮ%\r\jw\\\\޸\\5>&t\\\\\:߬w7ze\\[%9\ \#jcH<k+\\\n\|b\k\PYNd[g>Y\\x?\"߅Z\\Q\\2C\.FE5N5RRz\i\eN\l\M7Fӥil%\zj\׼oq`н\(\FHS^OBt<r[nU+\VSNeX<\v\0\<\"\P\JOc\>Gq+,\B>\0\n\\\0i\n\^תZZ\j\1%8-\\ԅ\#xY%\|U\8\CՕ:W\><7\\Hq!\N:k+\r#g9Rt\zWYƆ9nJeCv>ݜèS\oZe\ыr\i\+k_.E\=\(\u\]wb}+j\\\D\.\+\ܻdO\8=\L>*Z*;\mw}Όcs\\<~āOm*D;\Ie\{\\\Ԟ\V0\2{J9//.t\\:,0;Y_\crk7	\Qv\\||KѶ\ŗTG7S$;Y\c[ºj_RV\nu9\\ߚ?^ѭ[y\eF%a\	5\i\\|D\c\\\B\\0rp?\x\ZFZJ	z\Q*J;<KEG_i\i:mt |\#s]VGT罵keP#,\\LתK\\\2i\\-\EcwC=+\~*vY\\\޴Hx1P\l\0:줩i\\\r\\}3̮>&b\r Ӣ9D7n&p:\"c:|ּ\Ʀo\?l0_\WkدB\9-\8 	nx\rVRGtu҅\?~B{\=񃚻\'Qh^\ol\'\c@\X\\N1PdEP\\T\\\\\>0?;q@\qh̫$\\+\qӌr:~uCG\}B\H\\\u/\\GԒ\9\\#\@z\0\\rZhCZ$\0\N@j֭8߹ld+\`5;\,\q[y\;TZ<lFe\"\N2O\{\]\ooc}ݾJ\%\b1C*[\x\r\os۾k\Ri{E$Ȗ[s1\\\X\\\\[\n_	\0\$s+)\"BKb&G&\bUq\\v:\Z\\\]m\r^ Q8Y\9\q^\Sl\BFX^/\5\\R\\1qRw\\\z\0\}\8H\\N?\"+U9 \8\SN\9R]q\nX6\^\-\.\0px+xύ5msq*m2\\\\0\X񾟨Z̘\ծa\~b?CF\>x\eVlϲC_\B\\a2ǓaOz\J-\oTePJڋ\E>\P\˪X!\m\\׃+\4c\Xn=w_\\Z8QS\re9-\\Wwc(\B~O,a}J\\\\v\\>\HadkB\UV73nN\b\kIo<\l&m\n\15Ġ\\\t&\\؊;{Y$\{rI\mt\0\Z\\\\5Kh\Df)8h\\0#\0J>#\\)\f>E\T㯸\\\u\Ȉ\1\:\洂J\7WT>j_e\\2Ƿ˂\3 tn\J\|3\\\u] F۞3Zw^d\L#֟?4حٴuYx~\\U\i\-6E\{v\\gbn\,G`z\\<_\-+$\ĞrNm\v^;c\\z\\n\A$\0a,\j·l\0\eO\߹?2GE\M&\\\	\\\GGc\\4Xt7f\b\:O-22Iʟ\\W;u|Eَ{\'a\\%\HP\0\*\\u\\mRבX\\m4\r\n`8\f\0\\ܽm\\\\'~\\^ ї\w!Q\}\˅\9ӧj\\졚=q-|c:iM\:qY^=\\]\\\!VB\g8~^\\\\5P\uc\`X[\}#ֽ\>Η`Αf;y!l>;PpO=Ey\'ğ\WZZ[\X%c,k8\\^p\57\'\\\\A^Y$\V7s{-\h<\r-\I\bf0\\\1\Ƞ8\Њ\~$}X\\0F\nTt\\W\~񦓮xn\\X`xw$8\󴃜\WN\Z)Jkk\^?&|Z\\%B\r\Nz\\r\z\//gBݦ\p6H\Gc]\\ɦ.r\/lr@yo|îx8\qZ;\0\I\\\!\%ſ$Dr@Rx\\\\83q\zp2	$ٺj\׋o\\)m\0`!}\9P\t\W;\"6aN<\\rnxG񏅚,3F^7FބsQK8ڤ^ꎚ\nyeu}\7f-\V7<N϶GcT4\n\\\4[	0=#\\侶\LG\$\\Y}s\]gmۘ\`\\,+\%R> \ry\\N/\\0KN\\\xxFG\\\nN1x\kѴq<@P,q?\Y\oiu?\0s\\"]K6hZ/v/\8T~Cr\\\t+\ƣh\5)$X\c\K9#\ҹ\6\˘a\gp~\7\[vh-b>\Y^Gr#2\'>\\ntbQn>͍\\\\2\_^s\Mu\0y\\׀_Yd2(\'\\(\~\"]Z]ӱKq1~bXeE3F\! dc]EОY8rC\\\OO22\\\\^\{g^!$V\zB;dwyTY,\\	2ڲ\m\\\0\V\\ėhOol˅\8\^\3\\\=LB^f(\\\Z9\=?νG\\ӓ\r]Ƣ$\\\\\F+7P[ƈ9u\\:\9\s\*֥\\ߧ\$_\5߃\Վ\"Js\\W\#F\2Id\iȱ7\L\0*+W\\5(=h.\Oq\zW[BDkיu$KBqدj\ɨj\奔o\\n\\\w\<zs]T\\*ڏ\r\O\Z\rcT5\eWG	\L\\(ӵ\tthei\Gȗ\$\\ۨ\|C&I0ߵ\¸9\01]\?\jZ\w3$\klf\0g (8\wq\\\\TU\[p\\.RܓS\ce2\mf\\6y\k\femLN׌\vL,EUYfo3e]뗾=:yHC\9ϱ-Yhڽ\<E\Y;X\Z-б`( ۭ|\X<C\}0\x-#h\\s\=	\\u^\-kƳ]\4b*QGa\\+\Za5eA%\@\T\Zv\Zq{&yOA\7\0Yg\ϼ={q^\\\\\rӯ\\\æ=+Р\L[9\?)PYrG\\溛\\Ogh\Ԯ<\`8 c\0y*\2\6NJZ\\\,%]Y\p98=\s[\|ʺڃ9κ\2\\\d-f;\1w\lsڱ\b\\O>g2K\rr@9=籴T{𕢡GZxYWҵ)\mi\_pr8?ҹWZ+\\\\Aw*IK\\\d8=re\"[\'TUbv\\r\Ƿ\Twͻ\BKG\\gv\\ER\?5\\ګr؝\(\?\ڄ:zh\\\\\4*a܃<u\Zl\ZyVJu\a\GjjC\GJqV]ӵQ=C(lI\<\qǽr\\.]:\n\	#*W\0\#\\\\-$cq	ϽqjˬY\7\*=3J)\+9*N\n\Y\XjN\e?8(@Be\'\\yZ\\\?\\2\F\ds\\Z\Z[B\5\~R\S\iY\B)bxT!k	S\ߺc9:I{7}\}V\Sv\I\rԺ,\r\5\\\0\\ФOSkZ\bo|x\sI}Z\&Qs-\ʕo\\O|W/\\\\\؊U}ߵ\tg)#\da\=\*\\\l\\S1\0Md=ڼ\\\\۬iy@x϶k\4R\LQ;v+ᨫAQ[\qIBn\\tGw8X1\{0:\ߣ\"a.\MT\\EjxEܬ\\\j\M\+\$J!7(\q\?J\\Ms.Gs*i=\*L>L~dÙWw\uWQ\\\5 &k\2Y\Y.	\Ocj\סwG2v\Hg\]Əq^\J\\$>`\eaу`9\vFt\%6r\Y\Vז\^]gl\\~\}kY䴈\\\\\x?>=7\Vc	\/tO3u\s$<dpC\1MR\N2\h\\\\˼d~~\2\\ٙ\'\k2\k\\2#\0\ps\;Um~K\I,zU\ǽc/	\\<ӥ{kUy\\v\I\~x[&\\0\\\'Rw99[qV!׼3}ngZE\:@\V>\Xi\\&\0s\ڧm7#Gј|W)5\:w	\DFC9\|`gu+GSN+ǋ\\\N\]S2!\܌p@\ZLѬl9\lA\+\wٍ\𯔼\^׮m\l\'پg\NI\0h\_R=\u\X\\F\\Ԍ~&MƟMjsY\+ՏϞ7E\[U?y\\x]4n\\"\$VI1־e嶣A\P\%%ڱVe\þq\Ҽs\|1Em<W=ANB烚\\8F\\\\ޭSLϘmݸXfsN\+DW]\nW\5 I2JL4Y\e=A\Y\0-\(\\A2G\ro/ҺMٳ\nrihoEž\yn\0ǡ×Q{^t\\X\`\-ψ4\^\0̒.\d\z\I\YL<ݲy`{\\"T\$\\A\\4u#cLyo\\\0f\\\D,Աz\\E\\\ʬ:\rydWk95K\ڄ\\ٟI|iew$\o9\yacc}Hx̎nk\\cMԴ浻@\H\_(\\n\'[\ 6ڳș!W9f=\0\~X\N\\\|úWGj\\գ[W^B\\\0\\3\Ѓwn\;m,Eq#_*+\\\Ӟ\\\Ҳul\q(x\Mx\skǎ3/t\\\\Z\ohY\bv\\9\\r_\\\\\^4qGo\B7\X\U=Js}*\0la4\#N&Mt\@QISN\\\\c&\6\Yyd28v\\m\\n\\֏&=\^YR\Xy\p3`AWs\f\Ɛ\}idq۞^\C\7imKX\\<Ncs,\\\n2\Y\\\\+\\*;br\\\[.\nA3qs\G\j=I\o\\nٖ.ԏjhӚSu~\//c-wG}\i^ºG2g \\\^\\\:w\\"Y\"b6+\\\q{pk\_4:+]\@\g=?N\W\nL{\\p\n\n5u].5-{\ɦ\fR\lxv6!0+\\\N\\Ҵ{4e\5\\u\F\[\?Z?A%9\\Z>ֺ\rHoKFca\\H_:3\\!M#i6<wiF\IrCjw+\\P{1~j\rdo08ϛ2F\\=2\ryֵ\ \m\\N\7^JYϭ4L.\r=\Q%Z\ZI/sy\T/\'\E?]N\K5kVR\\e\ n\^k\Q]\\\\"9\\>k\Ha\ZsRgA+\06\3\ǧ\\g4\Vm\Z]\61\c \0	\Np>!e+Ň\ћ\mP֣<)Z2Hawn)j\g\r\߱!𗊴뉆,C(\T\r\>{\'\$O!eEn\\\8>\Ԩ\I\nO\r4iQά\:\0	\q޴!\\'4\2\g湉Ç̑A*\\\-=`\qcV\'(Ʒʏ\\fm/\!C~	8Esg\7[0\\Tdg.\\գG8ʬC$zTk\}\\z\!\zUS\6&s\wtүf\\.\\GԊR\l+\|qz\\\\MB7grw\{uZ\_F_JPo\8\\8$i^y\bQ\zj\u\\L0n	I.\G j\199\\\}@\K\C\0(\z7v^Kd\\5\\\TQװ\m\\ldy,	s\\溽\=iM]ևmlȹp]\\F	\'\c+\ՃDF6$!\'Py*8\FC\\`HGR}N*äm5\\0\_O5)J\\\Q(\\aE\\pOX&=2I\8\s\j\щ\RF$~86\%}?E5*ͷcؚ\I\&\\6ѐ|Wun\N\=Ld\cYޛiX\,2)2\m⢕9\}J[4|\\~\~+o\A#\\Tg\a\\cJ\>\t\-t\Y\z28=:\0uOw^Ht\\y\%h՝\)mg1%\e4\Ƚv3\c_!\nu\\n=\0$\y/K6r\+\\Ub\\\x\0$5Rǒq\I\V\\\\X6֨\Zr>}HRjjoV.cI\\Lp*x\Z\\\\6d(-SM!߸J\q\qZ>Hh\:\_j\Ē:#[\\\\\6N8\ݬ\\J4+\c\g+\e\\)\nY:|ѱ,\2v?\cZԮqʫU9;\>\<\q\\~SHԴ\\0/X8kKGC%\[`H\x8\w\=\\Or$RQ\c=9\v\\\ǒn\\\hk\Z}\rX\\7B\2t:ީY\g2Z)\"m\	\XǁW#u᥂a-\\`#ޖ.20p$AҡR^䮻=>\w=\nxM_4|NͼR\0&#@n}ȬI<a\\Z\\\ZR=|n\y9˙?\CE]6\g[\'T\)aP\\zWGH/f\\\C(3a˗{\0\\\SiH,Q1\0~\D|9\}\\\c2%1>vZ\њ\8\ x\fwBVC\r9\SX\TQFӮ~\'%LƢ\\'yL[x֞nl\4\: \v\GW7xJsi\$\@Pz׎X\5{;\0t6~+\\C<\0\S\qQWT_\rdԬ\sF;]<yrH\=pIj-\'B\\0n!@\\dE\'\8\2H积jg|hp<+\\HVefQi<\\'s\Z\JKFG\rCLЬ\X\\ .\lm\{\4\Skw\\\o\02z4h\\q\:`b\\[A -u\Dy㿥L\'8?z6!˕/\fƓ\r\b@0R\Z|W\ͧGRJ@{\U\k\+[<\\\\\\?.t%O2I$2ǃ\\S%F|V\ntܣy?\\\6\&|7rn\"@w\犩o|>}+\0^ip(!X\#\[}M\7sq!ڣ*U\jB\Z\rXI\C\\\Z^ċed\r*\\I\0YI\\\xC\S\\\\Wh$\ZJ\=\kӴ}>\KK]:\+xPaR5x\\,R\&#v\\HK\\lc=˖8?\\\\wg.֛\"\#\ҟJ\٘_F|\\./\7O\\ehfs-\H\\\\?)x\0e\I-#W\\\}=ȴv$rGq\\}\yf\n \,prW\\4tD\Z|,hĶRPz2KK ek\_\\ZѼ9\n\#|Mx3>zJK\`\|u[\\Qu?ꐏdrA\\Z՜lC	gn׽|!Ѕ_gE].5G\1F\\\9U\06\}G\0[5yhgffvl=릶Ӥo\\\n0=\n\?δM-BTێ2[RB[\j%D\\\n\7#LqZ\ob#Cִjm79\\Ey(8N^WCwȠm9\ci\Ww,LѼ\s\_\o\rXT\\[Ǫ5\*܀M\\~1nrW;`\ަ\\\\\\\\	m|t\X^-ŲJ\J|\tf\*)\0+O(\n\c\Q\KY#\0,)\I߱Ъ:vI\\\Yh\!\G\d\\ds}Vn.\)0\Qڴ%^1S7ʬ\s;H\T<8=Jw\L$(\~\3cD\9:]F-4UA\\e\Ҹ\V4\[I],n<\\W2\!Pǂ\T5y\\/U}Rд,#Z<USJP¤\\Wvx\q8\0-ֵ3gcj$fX\XVw\\JʯؓkR\$L܃A机V\ai\C]~ͨ\A?ot\0h\\@7n\0yj\Z|\lD;x5\Xx\F(\9lrWdqY~\"6vxo	\\JRTjnmx\q.}<\&o\Z\r\\\<mc]ƕe\\4oM+y\Z\Q\\"\r\O#\H\U\Z\\"\"A\UqUm\h\j\R6]Њ\f\\#ːU[ei\NjCc!{WDcs	2fx\3Lcֲ\\9ڮFx<Vn\w),p\\\Et\)\"\\QNݎj3ʑGJElka5xO\\\0\n\X\kkK=1\넑e7|c\׺)ȥk:\H8>\\\?~\|At\7E<vM\0\\՘~z\|A\0U\> \\!I\tKr\ET\e\K\rX\nvq\?<{ĞKxu\r^\\ Ȥ<a\Yc^U\\(^2wF\\~NZ\+j0\ƻZwX\0\X3\Ҿ2x{Ï\cn\\ŸUᛩo뚱Ϟ(\~)A\?\Zxz\Nм?t]C^]DpY\Y\ہ\\\e\9\\\\:a\M^\\<xU\\+GGȨb>U\V\~ƿH>6\<e\\\%WV\G\0Ư\\\u\3ZI1H\W 0\qcp)=V\5\j`[`~Z\\\ҭ^7L\0\fijPB\9\\]4҄44Tbu\\E߶\_)\On\6O\\01e\H\0\W`c~\]\7911\\F\9X\\\\r\\#?ҸqR\澌\\$Ax%\'\nx\\E_2\\\\\o\.\B9E\0+\ֱ%Oʆ)8\OҸj%v\m[j߁Z\N{xˈ\\+\=\r\ZKh/!aMɑ\\Z\\\<\ \e\0\\cҲ%8ij˚\I#\m\\\D#>\Z\\\\\ڼo\\RW\:\Y隞,pƑ?y`κ	j\]5RAr2\e\0t5\X\>\挹jCNxI\	\\\\r\O\u\2Y\kq#FE?\^p\k\\B\Jvq\\Y7,c\R\Ԁ.#S\lWN\(\d\Wf`wɉRFn+\Z\\\6iuadnՅ\(\\EqueoOZ߃-\ݪ\U\HCaIN-M%(l~\B\n\̫+r\\iѱB7u\\vV1ELc\9dI*k\!>W5\E\\7˜t\Uy\Mn܎:R]47cZƛ9Ds\6?*\u[\n%\\\=䥷=k9\\t\)\"mri7\+.A\c\0Ut;W#\<7\2[ \;WCVd&I*i\r>\\Q\Ḱ \i}i\;<f!I<\\d\e4Ӱ\,.\\}:\!\W\/\+kqjEq~\\n#\5\J\DLgj\\ԧ\Zqч]D|׾x\C\g\\\nѭC`B޼խzUPN=\^\0t\\'!x/kl|1\$g7d/]\\Vȳr.r\\hel\9\\\\ףR\NI\\\b\\\c\[\\Z2h\'\\\]\N\s<mq\\\[GÈ,u!weJa<\p\\^ߩ3~RgKt(=N+2C&1\ڳt\-v\AI\|m6\=\ZN\\\0T*\ں\\4\Q:\@\\\4q4Ф\\$V|=\ht\D	%\~kU\ \ǭ(҄l\V\Z*hZp\cN>j\\j!\3ڼV\"t \3ᆬ\"\kD\\I\&y\'p\\7#\M>$?\\;ZܤH>_\9w\N\\\1]\sq\\[c.Vamaj-\aX^75\q\\\\&Jlm\\*)G\yN\D\!\}\\\\s%\Ė;}*5\\8>X\ct85Р\p(KjC\dQ\G\j[\)ثܬ<\n[\\|i\j)\\0Zϴ~zSJ\{.8\\٪9<\\9ϨP<\㨭	\ԧ֤AH\0\Ҳ|A\)\\\icoAJ@Bw\Z\\`ӈ\#\\rE4J\A\VE&4\0u\0~ej\36\En݁+2@<\\Z\'tMoLխMlp\r+\~$|$%{-|؏ -{WAS4\r\!\0\xj!%r\ϋ\\fhr++\5\;KQ+m8<b#X!;\4WR*2hѮ?\4\ `\"&Gȿ#t~UЗC~\\\&Qtu\ʢ\0\0*TzX^,sڷ\;O<ڌһ\0\J)N3jĹ9P\D8\"$\;\]C͓\ќF|J许\\\0ۂ@\c+ZJUr0?J0$}\\09\0\0k,gʭ(\8Vvφ?N=U~\>Q\ҴmU|Ϻ:՜5bΕdTVӸ\)4P8P:vbz\nW$\'),(14,'5847399c49feb','\\\0JFIF\0\0`\0`\0\0\\0C\0		\r\r\r\r\Z\\0C\n\n\0\0\0\"\0\\0\0\0\0\0\0\0\0\0\0\0	\n\\0\0\0\0}\0!1AQa\"q2#BR\$3br	\n\Z%&\'()*456789:CDEFGHIJSTUVWXYZcdefghijstuvwxyz\\\\\\\\\\\\\\\\\\\\\\\\\\\\\\0\0\0\0\0\0\0\0	\n\\0\0\0w\0!1AQaq\"2B	#3Rbr\\n$4\%\Z&\'()*56789:CDEFGHIJSTUVWXYZcdefghijstuvwxyz\\\\\\\\\\\\\\\\\\\\\\\\\\\\\0\0\0?\0E\'+\0\8\\ܕ\\\Ou?\P\:Й\\0?\*]\\s\05b+}irF\0Hg^3g\\o\\\\\>f\[iOPƚGPM	\r\\9\7ҋ`\L=?x\\Qq\\\\;P\\\?oyɺ7\ަ\\{\0\\#Os\\\\?\4\;\@}\\\\V\0\ZS=^.&\\0=O\]і\c\08\\\\\V\0\ZU?7oc\\J\0z\t\\\sh\\H..G[\0][ip\ZE`\@}\\0ljƜng\\0i@@ tՔ\\\\\\0\Zd*\\M\\\B\2Sh\\\\0\\\\7҉\3O\\\P`hrI\\0L.go񡮮:\0][j-\zPNނU\0?\i\0\0Mj 22)\\'I \7\0d\\O\4o7Xȸ\\9\H\\hQqr\\0J\\\K7\9$t\P\NALRr1(b\0Y\\\\z[Bzc8cH$\\pS?JB=)W M(\s@\~^;S\3\pG\0ZV\Z\b\wcX~u=M\0;O=)0j@ژ\\0\\\#i\0\4lwm\i\(bi$DE,\\\\0RM2Eh\du*\p\F\n\ƀ\02{\0t|\AM\0<8\<U#s`vps\@L0ribcY\08\I~U\J\4\R\0`\cڕU8$\}(\9\\sɧu%܁@\:4d0T8\\09[dzΚ1\w)\\0>8\\^s@8]\3jZQPX\'\0{S{8\M\ph\<N@pz\C޴\a@\n\\ҵ|!\mw\3\A\6MB\\AeT[\*oɧI\!5T[\'E9\0պѹ+\#Ixt!jQKq<|\Gk\γ\\~\֚i8xA$\\0jx\×i\\"\mm\\͑FO5\SM\u6\GH\̺/,n\rqS\\Α\HluV\UK\c0\nq\|8\#\l\0M%\Ki[|a9\\Ax\\\0%	ԓ\\]ϯN\CK\0ZA|\'\:]Q^}3W\B\2$C\\m\'A#\p\Z,tz\\rCq-\";ir2\\\k\wb\<9r\OAn/4x#|\\\!u\rk\Uh\*\\\\]X``ƾ\#\\c\o\Z;~~GBϤ|\Oͭ\zυ4\ XvA\1[f9\0#\WI\0?u?Zx\\ZM\\tR;\\"\0~\\O={\	+kZ}-4ws\>N\#\:d\\\mJ\̲mPs\8\\\ͳf+%ZZiv\\\0>o\\]f\\\|K\`|Sd\Z}\\v\n\HP2N;W\C_O|^h\\|a\!R\0h\\ 9\=Onk\\+QѭukᱽH0:AW\|9a1x(ƍNgu}\\ni\Q\[{gҎ2\RrX\WНՎaڇlF+\\0f\0ŷԚ\\ĥΧ)Lϖ\@9lZW\=\\-<c\\\\6\\Ҳ\[U\\\\r\0\\iI}\~\RN3\n\\?\nn\-\i\$eu`\i3@5\j&w$\0!\Nx\\0\ù?9$`j<\\r\\0<\\\0\\#*FFOQץ\0&n(ǿ\HO\0\&\:S@\GJ\0\0\\0(\J8\@\8.zW\^!\jx\/Ŭ\QNP#܄19=jſO+\7>ye˾;McM=de?\KںN^]\0B9\7)zu^i\\_E\&ߠ\ʚU\Euӯ\&P{\\G\kŵO\L\r։xWVQp\h\\\'9Z\\TW)j};|\Zy\?\0\N\ow\\\0$\rd \k\\ii#\0K\;+}y\'\\|0\`\x\4z\\M\yf3\\q\}\(\\0dڿ*Hs\~9\!կ8\\\Օ\n\\\}xX=1\t<\\|\2\{\*q\\v-OG\Xd\\\\"&\a~\x.x;:OCy㉾Rx\ \\\wмEsQg+\'!{u\\k\m\uZ_\<\\\\'|\59l4K\^#\$+[\'y=*\0ů?`]\\=:\s|\󝔉\\e\0s\\z&H\sH[9\ A\|U}XE\\\v\\"\\|&\'}Zn<\^I\]tҞ\"tȷ\{,y\|SgzbA\\֌0\d\JHMy<_il \U$\d\yf\ukKJK+\0\\Gn\|UZ\eVg!\F\=O^bfr:\Jm4.j\b\M\\\md壉\\\O-s{\\|G4~\\\\\\lFyU*r\=q\\:\\\\\nb	q.PA;D\'\0d\\|p\\9^\0#S+*ªxh\\0rk\0^\"hԣNꝝ\*j5$S\\m+{W~̟/>(횶4	YKP\%\ß&\r{oSL~)\\>M\c5؉$\\Ymя9#9ld\E}[Gᶭ\iv:o--\~\>\7rrrs\<xXʕ\\H\~G\b+qU\o\:߀zw-f\K\-\6ֺnrs$\\$x\(V6\\Z<<ٛO%\ƌ6?PhSXjzմ\N(r~U	8\A5g\\Ïڈ&\\Ia#\<bFG 8jU\cW+\\˾	ԯQ]k\0H\\\Z֗\[\\2?4dz\sY\\\w\w\\7W4\P\\\d\{U\0<\\Ԕ6l}oep\^84\\oґ##P\'\0;ޜ6\Ri\\"{bq\R)	6縤dP~[$\0\\z\0\O	8\ޡe \9J\8#\\[[\_x?\n!~j\<\\\0x!!K`	8澞gEA>\A\K\\0\<\M\\'?$l>PN\\\\\'~\0&O\r\\\lu\ֱ\'e\0̽\n_^Mx<AR:\\\\\/;ã-\9%a\I컳\\r`m\_\֗<\\j-\Z@\\oO5ܴxN:\w\x_\m|+hRi\*&eEtRU\\_$|V)\ͮt!{u6*\o\06\\g+?x\\~)\qyf\۵\ⴒƁI\n8\0\|^,e̓\\\_o\\Gc2<R^^\\%\?\~#U\]KT\_^y>sy$\1~͹b\#{\nw~B\nb\Z\0\ze\,\K\\`l?]\.(\le\|\0)202z\q^;\&\KggO\\0:N=8KNS]\\\>zt)^o̻\\^\.GE&\&\pҼ#\>\\Z%,5x\c=|&y#w$nrOJgIO\\垡\ZipF\NXG\y@OWns\n\\\q\SZYA\\J\\\\'sN\dc\\"sR98l)?]/oSίN2Q\\\w톦\\(YUYX\;h~\'εm\\閡\6\)OrA,\~>>\j:lZZoTw=kgA<[֚,:&jg`\\Vl9\$z5	F\ڒ\҅%\'wsƿ	|Ig%\Q\aa+\"_\>iAHny\U\~.\\v\3\\t\׽{\'F\\KL{K\qlRWMԀ7\'9c\́\Z\R\>2[{\"\\3F\\BQ\&j8\D*6Ք[z\0Z\Z>`\'¿̒xkĲ_Ge\\'\c~+ʼ3\g\.öVSl2<v\\6u\@\\:Ͳ\XM`#s\~0\\/\u\\X7\\!~l\\5Y~}N\\ŤR}\֖^ǣyI\0o\r|o\\x:\\t\Kwɽ\#W\w33\0\0\0\V7\\mxA\~!\4\i$0Kh#\nb\]	\c\\0\-j?\r\k\\Z\\Z֚\FY\B\\p^Cy7Y֬\%;`ԡiH\X7޼\QC\b$ں\mU\Ow\86T^`\~7\!$ՂJ\0pW\\\[98<A\o\y-\Ik&c\\\\C\"u\]^t\gïZJ˪\I#>	hlm=w 0k[@\\\O[\G)VIuRcTP\o\\тN\֋}0ԕT]mGʖ>M5ui\if[)<\FK\\0ޱ;FEK@N\\ak\_\W@v\\\'Pb\*],,O\e\\N\\aeEǪk]:\z>ɞ,\\gSDS9搧sR\# O5Y\ޞi\1\4:RY:`B\zo~)\\0\u\01֘rc7r?\nHe\?!>83.~\(a\pSN)I,+ٿd\\rT\Rș[\Z\\sb4%Z\X<-L]xЧl~\?n\\\7ѕ 4K\\fa#O\0`n\һ\0\\Zq\\+\r\c?q3\v\xfYXXNuGGa2<\\\e\\\5\\`ds]]oĐ\\gq:Kk$NT\׊\\\\\w֗e~\\\%\k\'R\5}[\\iEĹ%cg=\0\d\?\x\\\\#\\OZ\N\\ֱ2k^#+#͞Nz\X,\WM\\-4\ E<\\0\>i}$6#L\3.v\tWUֵ\Յ\E;1\"2Q8\qߨ\Ey\eN\H\+It=;C \kvͭ=NKn7\\\t\0+)Gi\\\\7_¯x\Z?\c\>|]J\c\l$dk\|_\\"TtgH\VQ?Ŏpx\,<i\u*\w<gAF\dyԮ\s\\\\$\	*\0sª\\\1E֖n8dq(\\\\0Jߋ^\<U&\\\j\r\@\\I=\k\\\ͫQ	X\\\\\}p	\|\Zږ\"ИҌ\;ُ\7j2*3<L\o\xR\d\^-	}[jֶ\Ye\2OVp \\\=+I>\\\\\\'+dQl2W\8cۯ{|Oc\vL^-Xʥ@Ǧ\y\9#0\Ԕekz\U%Y\\v_=C\Z^i\\FdR\ZE\\mˏzG苫x.im^	\0a$0\qڼ\6&\H-\K;ۈ˱\'8a@\0\n\/jGíayQQ$1-1\0m+z\zVJ\8\KO=\3\cVqxTuMuGu\\nK\{\MV\Kx.ȶDp\n\0T}\\T\r\0+O\o!O[\\"DIHld\c\\>\[M:Y}SȴDX՝\-\Ӿ>\m{\\IX\ch:+g#Ӟ+׭a\Zӽ\}4\,Kp+mu|%M\5\\\F/N\BJ8\yknK3i\K`&\\۸/![\x\k\Da\r\Re:pw@\\SiW\N+\ ]\\A\72	\\%G>Y>y\n7u\\$^_\ru\4=M\\0\\.3I\L\\_/V\źK\,T\[F\0 c \~#&iY\\K\b\\\A\\\|SN\\rO̍\G_\\\d\,ח_\nns=;h|Z\\0\2Gj{\\[\0I\\sgrnHY\\iwVRl\W\\F%k3\Jou\ޖT8\WET\"\}E2)e*\ϧ]\Ps\F1ۭh쁛\\[Xc;8#,3T\jOR>\/b(\\[	\K*\_M|)<nUymڜɈB[((rGqsl]\7\\\oA^ul΅5\Z\osw\\Y}*V\4\d+@D\<g}5\\\\M\"K%g v\\0{Wq\-gM]:\\K{i.\1$1\`\Bד\R-&Ad{\n;\+fi\~\\Y,Nx\0\$Bs\1\5\%\\ֵ`\n/>2\\I7)8׹*\\l\cP%BA9RJ^𸯈\Z\k_V=9!\Y9\T\λ\"S\t6,\\\öH|\_o\)u&\fc\`\'<\\'\ҧ\amyq\\:6w WuGu\\r*[]I5CB;;Qpbsu\0J\i2K \\0{W-yǙr>S\\{\ZhNid	k~J E\0 \\5G\E\Y\弳\$w\0mh8j\h.`\Q\GxH@\08ϦO8\OW@/J\\\ZwM\\yE\ZR\-y\\:]Σ[K3ذP1?h.\\"A8$\͊~\<h\\ƫ3}\\\\^Yn\8\r#ě7\0\\9\5\\\Z\\yQ\\\Z\\Q>~K\\>Q\/i$?\CxZQ\ZjWZOub8tscq,9%n\'=8⸻\\7O\E;	p\\۴\z^,\6(q\\;Ʈ\\\\\\~Ա.Mթu\\~Gkys\\nW~-i:ndViʗa@\ےB_z\^X-\s/_^:gs0Ho9\:W\z[\Z.\\y--oT\!>vu\\}\"\\o(\c溕$UO\\\}~\\\AU]r\"m\,\'\fI!P2@\0\\i\#K\AʢM*\\\3\\\ě\c\\]j\G8I\F\\#Y\mop\%\rj7	 m9\1Cqe\cMlzw~3\r\\\}	=\h0\ߜ\\\g^|U\\,	mWo0\\' \w91^%\I\W\\(VDs\k\c\dg\4IE\\0\\ַos\{u]\f\"\T<ֲ<]xU5ؒ\]H\'\F \\	\:\x\,\\N-\0#<)j\\nad}jU\菱~\\Zvi2Gib\\\IA\>74ӼCE=^u2i\Xnn;L	ds1u1(\\rrkі\RXd)u2\\'*2\>\⏲BU0Wd\Ϸ\|B~\\Zǂ#\5q-\*Z<n\x;\m4۩Bux\f\_wVaxb\@ʮcvT:lZ&J,8bDr&1\\01__\,M\nN.\\O\n2\\GFQ<z\_f|{y\߈\"i#h \0=\\-Yh߈\J\nL!\_RzW\eG\S\\\5u˖H,\rB)M\q\\\w7C\.\uw\`\`O&a8ĦO^\>\x=\_\\ߢbXZd4\\c=\\f7 h\7ɯSV\agt|k\9.)4^7I.\Z4%NHC^\\.\\\klbIW@k\(_InCЭٵf=%Qc>Jvfylq\־\"\Ģ\Npٮ<\FQ\-\\\cR,\켽{JQ˂TRJO.UI#\\E\\\\\d\m\3\`\8:\t\\\a@\0\r{\ZcxX\_\\4$yN!R3`\\9l|Li5\_R9\ɰ\û2\\E \H\׏j\~ .\M\\;/!9D\`s\2\ds\gc\Bynl\\lWzO[y<^\^}\'*\M8l/#ҟ\g\_\8\\\;l\3*-l\\\F\\\-m>ï\\vˉH\y\0S\\\X)~9:\M?ö1\f\\wP\0p0;t<\\\RrnV\\ֳ\0V{,3pd\fnnG6\\\\T\UC\"\"M\h\\]hs\g\\\\0\J\s}\\\n+GLٮe H͇r8 uэ\\N\!\0\w\tSnG5JKq0\\\CK*IgP\'֢[\	SʉH۸\NrG֮mU%MN\\~*?\nJ,jL\Ѓ\c<dW7|\V\/1-\\8\\\jsT\\.\\nۋ\$~@z䧅|\\sx\\+\Z\omV\n\'ޡ\5}=C$0</j#\\m\X\\8XqT>Ɖj&w \\Zzsŵ.h\Zɬ\K9\\\\)#Gӥ*[\Njj0\l-U9F\0\v{dk\*Q[j\\\9$l|wn[ɉs\\jѵ,Kx\#>_x]\\\0\r\\Z\\r\fPH?e5\Y]32\\3+t.Xs\c\W&֬%L@ \0\0\x\\ᷕ\toiä+I\3ӎ5\\>5\1\\[h\oB8\f\*ūs?\\0\M\\U:rN\+GS\W\&\Do)\yebO9cX__]h\\'p\#\\T|Mk,Y$ud\0\qLV>y>Z\C]d=\0<[Ƭ\\뮏\*a\N\\0\=sHS\+ƻՌٹ&mKO.4.9^׌~\_|S\\jY㻙C͂YT8ϯ5|1\Cƚ\\W2\4o1X᳎wǎ7.\\J\\\\\u\\\\\A\n\;Q};,S~\\YVE\8\\Z\[\tP.F_zu1T\kE~G\ns}J}k\\\o|/\<Qv\c\\~r\B_xWU\\_\\\sw[\ؕ[5իK\Y	u\\\\#͵\\\Z\\\r]nY\\X9,7u,OV8\\\y&	*Hm\\n>SSH]̪@Tw#i\0X𖩠վ\L\]y \8\\R\T⢶=zNv\|Ei\/m\2;\Z$\\=\σCo%\Basy\0rd\\\\Fl:cWuB[-\ѴZQx\@TUrpiAAIHy\;ɮ\'*Jl\\ej:\\y\a%;px]\!唓#H{	Y\fwU(A\\{sJO9jȝJ,\n1Lg&x]Ldp>U\r@\n\\0\Ķ;Q\\K\XR\x{\/w\\\^yaj7hh/iEs\rֵ$3\H-\mH5PG\0Z\BHI\Vv%H8\0\nԹ\d=#H>ii&sT\$R[\ZoӰJo\\܏<ܲ\TE\$LJ\0\\\\s֜(jw\r-}\<8v\>k\<I\\O\0]g:\\ \!Y\\\\"\nkof2U\Z&ԥa\\֣)\b\\8\0\\Z\&u$~ʑ\q9c]ݳں98%\\.	\ހw5p싏=Mn`il,~QY9\0zл4q\ԓ֟q\Z9\d2H\,`cZo\\\,A 8=\i\~\\\厲3\.%aY?rsO\]\A<d\8\zUXn^\\\U(R\\u\\	#Y\faY\+g8\\5aW\\\Q$gfYA\\nkW&=\W\O\x^\g\2\;R%#\"0\rsk\|/7ti\ޙk!\0+H\6:\0#\9-\KIݞ\RCpz\Z~?ZM\z7{t_#Z|7kK;AC\ HF\\\ӽq\l4\r?47\Wu\\"\&3$/g9M՝fP\>\gUx\䬶\jQ|2A0<kf2\UIF7l?\V۷G]\lfLmv\kk^9ռY}\rٲ\\3uɮc\-4pkֳ`K}\\ǵ{\m^\-\\e\v\\\S+\\'\sbsuN5wK\a\|/\\ZF\\乌ƙa\)\k\etKE6r\\l\\\;\k,(x/rH\0u\pj)My\!\v\\nR\\0^|F^\)mۯ\|NeJMYJ\_yZ2Y6̪Kp\\\\\ɱN\\r#KO\^)q\}n\r^\+0.J39\\ZɓŎ\369$I\n\:\\M\\r(\թ^ZciLqڔU\V~\l-\\"D v#a\nzZ6zq>?m\{O\z\隄rHTǶkHV\H`.vo⾍\VA$(G-agX\{w<׉jZ%\zŞVwQ!\(EPܫ9\h\u:5_*b!8t\\I<\k\p# pGЊ\Ѵaulhdm\\\f\hS$Og{2b\Wxqޮh>-\0jK;	%\b0\v;:`gaV®wӧ}\\\D\,.\4\5E\%A\\\_.4,p\>QXR{4]kRX\_\\'G\\iR\\Z\\w{6כUcņ\nYv\\XSuj4\\J1u1/<\\\mHNZ _[}ƨJ\0Ok𖁡k\(nz\B\?|py\GUn\\&YXя\rێ섕9r\\>xݭO\\	&T@̌\?n*\ݠY!\neP23\\Z}܆I6V8P]<\\U\KCsD\'!9W#\ZJ\nKVdۋQ\GkMB\)dxn\-\3M};\2\\w\\\|\\6%ܛB1\M\\Kc,W\rG\}\rrڭ	\&NA\\\\\r\V\a\\\m0(D\\Qjh\y\n9\\R$\sO?\\2Je%(\p\<:xlS>h\\0\6g\JqrI4-fm=\9&))!\*\# \z\{v\I\0by\XǿqJ\\\3BC/\"\\\GH`\Ϡ\Oʪ\Z\I\\\\!`B~tV\\9\\]3\WKo<NS?tct\\T\\B.\o\\)\0ǔA\\\\^\0c}Q\\"\DX\H\k\b{{[-V\B\лC ]\n\'jH\n=\z\\\06\\\\"\\\t\9\S\ʾw\K\i~S\ݭ\\l\[w=~\jD4%\\o}\\cc\i\\I\:\Z?gm\%[\ћ6N&\0H\/Ot\ZFp>b\\-`Wg9/\"\ZӰ+rpB\=+-cEQKIyZ\6%fD,Av\	olv0յ[M \\ru\2\l\\S\\Z6\\Z\6\1\\\|\ڤSUj>I\o\\\\r,$\9\x\\\ϫ\N\8/䳁\\j?|Z\\Fi#),\\r\0\]|1\m.\N9\VO\\'Ĳx*4>\KBeCj\<|ʬ?u潜&Y[\c*\w\\E\X\+x\\q\\\\\"\\a\'_j_\$\G橨\\Z\\(\VFVg?%\\0\S+<\c뽤\\\u2k;\G8U+\\K6\\"mٍ\\c3\\t=\L+\\gזG,\ZS\\g\aϚV>/\0xJ\\\	su5m\#}eUW\\0T`;ǽx\)xtK\ux.Pk\\,9\q_q|aSѼQ]Km\\Z=r\W?Üuϯzes\W\0ov\\6S\:\0	\8l>gmiF\o\\ZN-QNk\\U\U\@\\\|\M)i	\\?\[Z*o\b98}eV;۽\08WIg-F攙j\N@M򈱇,\%Ϣ&\+N֌6#\뵲=­xoKi팳\&\LE\\.2\\~GN)i\@#v\,n2S8\n>\bэ\JƴhIuo\Z1A)bIB0N\\g\\-d?*\4\f?\o\\0:\M8I\\p+\\0m\\ڬ<<ţ\ȧTh՞d\\!\}X+\\f4\\\v\w\N\\	R\7\y6}m.E+\;9\\қ닂㷌\wL nB\\?\r\\vj^YX\@:\@8\\\\0fOjzE^2VPfAm	#\\\\ϵ{vQFrWz%\\\akצ\쵿C\]\'ƺɣ\]mv`Ns\鎕\\\\^M<3\\\$3d+\\s\%Zέc.\w2\p\>l׽|\㟁1\0\O\\\Ԋbj6\n=sXC6\NN2+-\5y~#:q\m\\0\\I.\nI*8.6L>V\`g\ʽ+\?<u\\4\BdkID!\sr;W!qjQدndð\ǽv\xz\5%\\p\\\M*\iM\M\n1\S\{{zՋb\\\%\\ڱ\+\eMр%\RJxn$\H\;x75sjU}µ\\FTF>Q\G֩\g\$\3\K\Z(xY،\ȱoº d\i9I\|{\#RZS!k;D\\5X\ \fHʆO\\!\	\+\<ԩ[>ہ\^/͛Q3*\\Z7\Y\8\'\j\0:\'hrspHUFmUc8\\;U\Zz\Yʪ9hEڧV{\sE\\YJ.\\"\vGvl\Hp\v\e5՛ҞNs\\"\0\r}w\\\ZK5\\r\\^cn\H09=n\w\񷝰!\\"L9Z:kR\"\\k\D\`}\\շ\\2\岕?\\C}Ey5D:#;v\kt7̑L\=k\r6ڔ]\\,\R7G2Jմ\\+h\"`hV\c5\G\0<\\_5X\\魠`LdB\7r=&0:\9.\\ËԩF5)^K{[\!u\\`m$I9&<y\VQXܑ(I\\bp\dHn\T<CAyj~\;`\/%\>h\\Zu\|ŗ>J\\k)\A,\nʐG=\?h=0+0i=s_ix\\y?lL\q\\k\u/~q\\_\\?L\@\:\KNxZSmە=Uz5ߖ4\%\c	d`elc\oc\z7[\z\\/\"[h 4B\:\q^\VAajV8cb:\5\\\%\\%`lg+Z\֕%dtCMYrxwNu)T.$?4 \$t/\$%,\.F߇À\P:\?|B\۵\\a7&\08\^>#g\'o\\V&\g\YXR`\t<Q0\\0𐷈~$I\S\Ӡ%l\s;\\\q޽CqŢlw8I\w\\0\")\0XE \?\ʤiM+]\\wc0\\\\\\\7M=/J+K$4+0\N\r\'fh	\rF\' \OZ]HfC,3lw\匎\񩬠VRau<\p?Z늟2\9`͸Vv\\HP\0\0\➁\w\\\̕\F;\vO$\J\\K#8N5\R#\\mPG^s\\"qzN\r\,-UV^#h\\ZZ\*a\\\'\\\\\NNi%0\5Љ-vy\<{W\)kko\	:tҭx^Xo\ʳ/s\\g\xj\\ªz=%i\rc\<F\Zpݭcz:\F\:jy1It7,v\jU\\ں{,{H\KDh.YQ]r\re\n\.`-\w|k\e\Z.qf\\bQ\g\wz\(׭̺6|m,\\\fT\`g#q\zkM\7\\:Z¬\\<ʹauC}\]Y4\+B1W-~	x\Z\rR{ӌmǵyEKصn\\w{?>9֖\7\"^hqs.$4BwRgToɐ*F2=\ixO\G\-n2l/ˈ>ѽ\㎛{(}=\\\Z\vBEU\m\a\kl5!5\q\B\k~_\\jS;pL\z^_+\\ot\/P1D(W\p~a\\r\z\)l\/e66Z(׀<Zo\\=\^\'dR\w\n/hq#	ǭ|\-o\\%@.:w\`+R(tfx|]\OVW\EЁgGcW\=\i&(O(\rCyngϒGC\I Y3~\\\ǱJE\Zfc$gzҴt\0\1\\\rT\ξl,p\z\Z>\\]\*NW\\Z)F\\Zh\x&YŰ4\rlē\m\FFl(dݼH\=\n?SK\rf)	d\0\z	\+|\n\\0\Såk\3\\/5\\NU\8l0]ɞF;8\܎\\\\xICI\=9˵\X\\c`\\ڷ\y\BRm\\W\7*\z\\#\\\Y\Yr\\\0\\{\\\\\\\CTg\\|q\͂y\e\$(z/$\=\\\T\Z\W\\e<?m^K=\M\y[#<\~)\5-\\lH\)\\q\\VM\\#g<di0ԞJs\Zi\ಜ;z־~XD0\\2{>=EBn\Zf;x㲳c.z\\n7$,4U\\\LιŢ;\=s6--\T\\\\\\K+!\Z6\\\Z\\\\	\4Eouf\"\\\\wD\\\^+T{\2>٦<rF3k\o4LYb{0\*Ӟ#\+9\фi\}W\\u/i\^٣!?jM28V\I1P\\F\\w\5俳c;+\e	\0LWܽչWxc z޹\b\^\1^I2mK23\Qi2F\ROC\~ƩCyko=\K\Ż\D?\<\\dt\ɭ\#B\\n\,\,Gˁ_^\Ia[x\\\Ef/<09\\\n\\Nt\jF<ͻy#S=\0\<:T\\ҙa\eY%cc\8<SVc\^ܨ4!lsXV\"y,\?\J\е\\y\q\E &3\\\*\z;q\jap)Ǚ\<\&\\\\\\Һyh..m\Zf\I\\\\9}\ҾR+\s\\[\\ͥNJ\譿M~G&\ZU\GVǢx#ŖZ/\j;Rq\9e=k\=\\.,Ae$o{yQO\얳\qlx\P\ák\Lu\\L%O\[^\\q\\v}>\,\Ҽźc\\FԮ.\\\n\Gl`@\uYxWG[Nc\Z\\8U\碪\5j\j4w\%f\08\\\U\8|Q\ΜUޥס\xK\\ԧL\l]ٛ\y\\BA\1*G=\0\Z2Gn5`\#\q\߄Imw-\0zy9\_\JX^\\J_->԰RZ$zդH\3㯵xſ~\Y\\hgm\1\#\\\:WA\+]!\\W/KB\V}\G\|24%\0O\W6vq#\,\\\\*\\]Hlg8\_K|r\\\Z$M	\cܹ=Ex\=oMdk\$ހ\YqZ\\RJ|It|\\2\\M*\hI\6\4Ė\8l˾\\y9>_U1\'*\\WڶS1iaI\'q#?\\\W/\\\\s΄\UrKNx\\\+\k\~\VW+{\^XI{W\>>\$m\nP$=)\\u-#)\U\\\x\7W+\ϮoOea\w\\0X\\X\P(ۜ\\TQ\&\n\n>ح4(I>q\ݯ\Z\\)/\\7I\Fv%X9n\(F\"$\\ӸF\)\Zդ\\\aA\	=\h\U\d\.\qES\\Zr%{\n\]}bs&\3BHЍ;\r\:tquJ퍷`\\\lfG\\\\j\.\n\U.-\Zv`r\XFx()\\\ay\ɯp\\\b꺉<~vE;[mlGoupBZD\\\b\\ҺKumB܌\\}\\2J\b4r5F|yj^)Ԗ\g$x\A\\Ka=\\_Inw\_Qx3ᦍké\\\\HMu^\8\\\f\\\?\zp(\ug\_\`e/5,U\<8<\d\?g|eӢ\d\Z!zSb\&}6\\s \[<|\ڼgJJU\N\\ժ8j8\t.۶\!р`y\s\\[Fk\\\\[5\,\[[}sW\$2Z7\n߻l\\SO\\\chUUws8?\\}\\#t뮖g\Z]\)Ioe \EHS#9\\ພ\\Ď0e_\\O\\F&v)~ٝÃ^EEsqk\2BO?\n-3ѵVX$ܬ!*U\;\V9k5Ԥ;q(Ċ2@\\\\VQ$v\߭oxBf@`#;\>\ҝ\vۮ<E\ZR4On\\=غ\7\sg=s[Ԣ\eo\\\I\B0Jɮ6Ya\]mD\_5X\.\\Mv\U\0\n`0Fsr6ToV\Z\;W]>\x$\G\GO㠗LPv>\}+̹؄\J\\\WҖ\\+\0\\)siv@-ɯ\\\G>5\[>ߡUeO\\^\\M*\<2>kmvc*UW==?:t*\C\b|ņ\{lLce\:13\I\\lfmg\rZQ8\Z\\B(nRƭ[\?0$W\\\n==\\J3\؃Z\\*+:^M?Q-NX\ 0+\]Y\\5>S\cXfy-,t\]H\˳J\)\'>k\\e%\n}\\u-W27\"]\W\V\\/U\e\r\:y\W\\dB\*0V1\|u\\\w:J\\>\0оx\wZZY\\OO)0WNGVO\/	\\-a$\'Q\\0_O\,\hNȻ@@vμ\\\\\y\\;d$G\`tg\3UW\\MA\޲\\,\\h\\.iY\[;=3SJ\&-?/\0^3D\\rU\XF\=D%Gغ\n[+&~M\\S\n}\-qndnHQ\+\>hh.N?1[>\VB\09gU\\\9%,E7W/w\g0\\F|[O\\O<n+.AŤ1\\0tO\6s\QLl܃]e\Trlzgc\_ͩPۻ0\;#BS^|&Q\'F7ku}|8c\Z\u\Z\\\&\5Q;\\Tʤ卹A`y>\`\"\\0T\)e\=\衖ai\\\\G,Uk)\k`^*@>Zkm\[\'z̠I7|tB\V9\\՞W\H3.\<\\%Gp~y\"VƎϞA\_ZQi3\ZR)$?\\O\yUO˟lq_fX|\\w\8r\]\'\\d3\'#\Dr\ rJ}F\ա|K*!>c;qx,=׳\b+eP#$\\[A\$Ye\0x\\uO[M-?\D\poUu*\vV\r@ו\\U#\\0B$7lfe\|M /\v?jƼ`t0YLX	\+:\JQzv.G/vKUԕS#HǼckw\\\\OK8\0\=GV\Zc\\\r\\#\.[p\\Z;\'-\Y]\jaT\\%g%eo\]w\n\otu8\}\15OMj\է!\'=Qi8o$epOlvW7\\_\\H\"IN=rR^#/%֟L\}~\"{Y$B	<#֝1\`$\@\9\|\r7½Kf\\F<\\鑜WVUYm\|\ya\p{\!\66z\Z\K4U8\U\\\0=\dZ)8Ϝ-ٟw\mʎڴ\/<㚍\W\r\a@&ҭ)9\T\CԞ\\ԧ5\Bm+F+;SXFz\n\'{U\rz\\΅\\\\oz\\^t$\\Z\iM]\4\8,TgQ\d|F\#Z\r\\x\\\D>WMܣVĒC6`rn\8\כFT\\骥Nl\WË;\-ݤ9)\^4|1\-\Ҿ\\4\Z\Lp\\\\\r\\:`5\l\rNv=W\?B\8T)rI߱\:Aa/O~\ǈ*\\\&Q\E\ n|W\TN+k/s\\\4\lt(WX\\\8\"\\\\]4\0wm\%N\0zUWe)A\\0\ؼEIv\nsO\n;н)k\\!*3\sR\Jt=\\h\$X\\4\o2\s~\AaPaO|\՞&\0\W\0|\X\غ-w\#~Y\\HQ\Ƥ^UW>xH\\uȨ\`F\g\\kWDoyU\Dde\r\\wNL\}̲\7$,\Jm\>0Ռ\Ծq,#\\卬\\%倐۩T?,\\އiѪ *\\r>GESL嗗\\vU\\\~(E[Ȋ{7\}1;\}\_\$\j\bH2G\\~DV9r̷\X~d\ny=Ed\kcH\|\m\'}\PfHǢF\'\ %Zr|y<ǵaٳF[l\\c	K6\\\\\e\5Ӭ@(9PO?k\laX\\"@{/Q\~#cS6+\㨯r^~5j\{;\~\jt\bdP4`\y=\8t{i[C\\\@P\\r\\"\d\8\\i<}\MУN@\[4J\v\?)\"D;k\+wwi:W\k\Sd6\\X\VH۞U\)\]=)\W_Nu=m?-\X\<-R\.T87\Һ`x\Q3\W\\V\4^p\\\');
/*!40000 ALTER TABLE `Recipe_Picture` ENABLE KEYS */;
UNLOCK TABLES;

--
-- Table structure for table `Recipe_Tag`
--

DROP TABLE IF EXISTS `Recipe_Tag`;
/*!40101 SET @saved_cs_client     = @@character_set_client */;
/*!40101 SET character_set_client = utf8 */;
CREATE TABLE `Recipe_Tag` (
  `rid` varchar(13) NOT NULL,
  `tid` int(11) unsigned NOT NULL,
  PRIMARY KEY (`rid`,`tid`),
  KEY `tid_RT_Tag` (`tid`),
  CONSTRAINT `rid_rt_recipe` FOREIGN KEY (`rid`) REFERENCES `Recipe` (`rid`),
  CONSTRAINT `tid_RT_Tag` FOREIGN KEY (`tid`) REFERENCES `Tag` (`tid`)
) ENGINE=InnoDB DEFAULT CHARSET=latin1;
/*!40101 SET character_set_client = @saved_cs_client */;

--
-- Dumping data for table `Recipe_Tag`
--

LOCK TABLES `Recipe_Tag` WRITE;
/*!40000 ALTER TABLE `Recipe_Tag` DISABLE KEYS */;
INSERT INTO `Recipe_Tag` VALUES ('58472ecb001d5',1),('5847399c49feb',1),('5847302218e09',2),('584732be7985a',2),('5847335393d21',2),('58472dba0bee1',3),('58472ecb001d5',3),('5847399c49feb',3),('584732be7985a',4),('5847335393d21',4),('58472dba0bee1',5);
/*!40000 ALTER TABLE `Recipe_Tag` ENABLE KEYS */;
UNLOCK TABLES;

--
-- Table structure for table `Recipe_View`
--

DROP TABLE IF EXISTS `Recipe_View`;
/*!40101 SET @saved_cs_client     = @@character_set_client */;
/*!40101 SET character_set_client = utf8 */;
CREATE TABLE `Recipe_View` (
  `id` int(11) unsigned NOT NULL AUTO_INCREMENT,
  `uid` int(11) unsigned NOT NULL,
  `rid` varchar(13) NOT NULL,
  `vtime` datetime NOT NULL DEFAULT CURRENT_TIMESTAMP,
  PRIMARY KEY (`id`),
  KEY `uid` (`uid`),
  KEY `rid` (`rid`),
  CONSTRAINT `rid_RV_Recipe` FOREIGN KEY (`rid`) REFERENCES `Recipe` (`rid`),
  CONSTRAINT `uid_RV_User` FOREIGN KEY (`uid`) REFERENCES `User` (`uid`)
) ENGINE=InnoDB DEFAULT CHARSET=latin1;
/*!40101 SET character_set_client = @saved_cs_client */;

--
-- Dumping data for table `Recipe_View`
--

LOCK TABLES `Recipe_View` WRITE;
/*!40000 ALTER TABLE `Recipe_View` DISABLE KEYS */;
/*!40000 ALTER TABLE `Recipe_View` ENABLE KEYS */;
UNLOCK TABLES;

--
-- Table structure for table `Report`
--

DROP TABLE IF EXISTS `Report`;
/*!40101 SET @saved_cs_client     = @@character_set_client */;
/*!40101 SET character_set_client = utf8 */;
CREATE TABLE `Report` (
  `id` int(11) unsigned NOT NULL AUTO_INCREMENT,
  `uid` int(11) unsigned NOT NULL,
  `eid` int(11) unsigned NOT NULL,
  `content` text NOT NULL,
  PRIMARY KEY (`id`),
  KEY `uid` (`uid`),
  KEY `eid` (`eid`),
  CONSTRAINT `eid_Report_Event` FOREIGN KEY (`eid`) REFERENCES `Event` (`eid`),
  CONSTRAINT `uid_Report_User` FOREIGN KEY (`uid`) REFERENCES `User` (`uid`)
) ENGINE=InnoDB AUTO_INCREMENT=4 DEFAULT CHARSET=latin1;
/*!40101 SET character_set_client = @saved_cs_client */;

--
-- Dumping data for table `Report`
--

LOCK TABLES `Report` WRITE;
/*!40000 ALTER TABLE `Report` DISABLE KEYS */;
INSERT INTO `Report` VALUES (1,1,2,'interesting'),(2,2,4,'not bad'),(3,3,3,'had a good day');
/*!40000 ALTER TABLE `Report` ENABLE KEYS */;
UNLOCK TABLES;

--
-- Table structure for table `Report_Photo`
--

DROP TABLE IF EXISTS `Report_Photo`;
/*!40101 SET @saved_cs_client     = @@character_set_client */;
/*!40101 SET character_set_client = utf8 */;
CREATE TABLE `Report_Photo` (
  `id` int(11) unsigned NOT NULL AUTO_INCREMENT,
  `rpid` int(11) unsigned NOT NULL,
  `photo` mediumblob NOT NULL,
  PRIMARY KEY (`id`),
  KEY `rpid` (`rpid`),
  CONSTRAINT `rpid_RP_Report` FOREIGN KEY (`rpid`) REFERENCES `Report` (`id`)
) ENGINE=InnoDB DEFAULT CHARSET=latin1;
/*!40101 SET character_set_client = @saved_cs_client */;

--
-- Dumping data for table `Report_Photo`
--

LOCK TABLES `Report_Photo` WRITE;
/*!40000 ALTER TABLE `Report_Photo` DISABLE KEYS */;
/*!40000 ALTER TABLE `Report_Photo` ENABLE KEYS */;
UNLOCK TABLES;

--
-- Table structure for table `Reserve`
--

DROP TABLE IF EXISTS `Reserve`;
/*!40101 SET @saved_cs_client     = @@character_set_client */;
/*!40101 SET character_set_client = utf8 */;
CREATE TABLE `Reserve` (
  `eid` int(11) unsigned NOT NULL,
  `uid` int(11) unsigned NOT NULL,
  PRIMARY KEY (`eid`,`uid`),
  KEY `uid_Reserve_User` (`uid`),
  CONSTRAINT `eid_Reserve_Event` FOREIGN KEY (`eid`) REFERENCES `Event` (`eid`),
  CONSTRAINT `uid_Reserve_User` FOREIGN KEY (`uid`) REFERENCES `User` (`uid`)
) ENGINE=InnoDB DEFAULT CHARSET=latin1;
/*!40101 SET character_set_client = @saved_cs_client */;

--
-- Dumping data for table `Reserve`
--

LOCK TABLES `Reserve` WRITE;
/*!40000 ALTER TABLE `Reserve` DISABLE KEYS */;
INSERT INTO `Reserve` VALUES (2,1),(5,1),(4,2),(1,3),(2,3),(3,3),(4,3),(5,3),(1,4),(2,4);
/*!40000 ALTER TABLE `Reserve` ENABLE KEYS */;
UNLOCK TABLES;

--
-- Table structure for table `Review`
--

DROP TABLE IF EXISTS `Review`;
/*!40101 SET @saved_cs_client     = @@character_set_client */;
/*!40101 SET character_set_client = utf8 */;
CREATE TABLE `Review` (
  `r_id` int(11) unsigned NOT NULL AUTO_INCREMENT,
  `rid` varchar(13) NOT NULL,
  `uid` int(11) unsigned NOT NULL,
  `rrate` int(1) unsigned DEFAULT NULL,
  `rtext` text NOT NULL,
  `rvtitle` varchar(45) NOT NULL,
  PRIMARY KEY (`r_id`),
  KEY `rid` (`rid`),
  KEY `rrate` (`rrate`),
  KEY `uid` (`uid`),
  CONSTRAINT `rid_reivew_recipe` FOREIGN KEY (`rid`) REFERENCES `Recipe` (`rid`),
  CONSTRAINT `rrate_Review_Rate` FOREIGN KEY (`rrate`) REFERENCES `Rate` (`rank`),
  CONSTRAINT `uid_Review_User` FOREIGN KEY (`uid`) REFERENCES `User` (`uid`)
) ENGINE=InnoDB AUTO_INCREMENT=8 DEFAULT CHARSET=latin1;
/*!40101 SET character_set_client = @saved_cs_client */;

--
-- Dumping data for table `Review`
--

LOCK TABLES `Review` WRITE;
/*!40000 ALTER TABLE `Review` DISABLE KEYS */;
INSERT INTO `Review` VALUES (2,'8',3,5,'Really, really, tasty!','Yummy!'),(3,'8',3,5,'Really, really, tasty!','Yummy!'),(4,'9',1,4,'good',''),(5,'9',5,3,'not bad',''),(6,'10',1,3,'ok',''),(7,'10',2,1,'awful','');
/*!40000 ALTER TABLE `Review` ENABLE KEYS */;
UNLOCK TABLES;

--
-- Table structure for table `Review_Photo`
--

DROP TABLE IF EXISTS `Review_Photo`;
/*!40101 SET @saved_cs_client     = @@character_set_client */;
/*!40101 SET character_set_client = utf8 */;
CREATE TABLE `Review_Photo` (
  `p_id` int(11) unsigned NOT NULL AUTO_INCREMENT,
  `r_id` int(11) unsigned NOT NULL,
  `photo` mediumblob NOT NULL,
  PRIMARY KEY (`p_id`),
  KEY `r_id` (`r_id`),
  CONSTRAINT `r_id_RP_Review` FOREIGN KEY (`r_id`) REFERENCES `Review` (`r_id`)
) ENGINE=InnoDB DEFAULT CHARSET=latin1;
/*!40101 SET character_set_client = @saved_cs_client */;

--
-- Dumping data for table `Review_Photo`
--

LOCK TABLES `Review_Photo` WRITE;
/*!40000 ALTER TABLE `Review_Photo` DISABLE KEYS */;
/*!40000 ALTER TABLE `Review_Photo` ENABLE KEYS */;
UNLOCK TABLES;

--
-- Table structure for table `Review_Suggestion`
--

DROP TABLE IF EXISTS `Review_Suggestion`;
/*!40101 SET @saved_cs_client     = @@character_set_client */;
/*!40101 SET character_set_client = utf8 */;
CREATE TABLE `Review_Suggestion` (
  `sid` int(11) unsigned NOT NULL AUTO_INCREMENT,
  `r_id` int(11) unsigned NOT NULL,
  `content` text NOT NULL,
  PRIMARY KEY (`sid`),
  KEY `r_id` (`r_id`),
  CONSTRAINT `r_id_RS_Review` FOREIGN KEY (`r_id`) REFERENCES `Review` (`r_id`)
) ENGINE=InnoDB AUTO_INCREMENT=4 DEFAULT CHARSET=latin1;
/*!40101 SET character_set_client = @saved_cs_client */;

--
-- Dumping data for table `Review_Suggestion`
--

LOCK TABLES `Review_Suggestion` WRITE;
/*!40000 ALTER TABLE `Review_Suggestion` DISABLE KEYS */;
INSERT INTO `Review_Suggestion` VALUES (1,4,'less water'),(2,5,'more spicy'),(3,5,'less sugar');
/*!40000 ALTER TABLE `Review_Suggestion` ENABLE KEYS */;
UNLOCK TABLES;

--
-- Table structure for table `Search`
--

DROP TABLE IF EXISTS `Search`;
/*!40101 SET @saved_cs_client     = @@character_set_client */;
/*!40101 SET character_set_client = utf8 */;
CREATE TABLE `Search` (
  `id` int(11) unsigned NOT NULL AUTO_INCREMENT,
  `uid` int(11) unsigned NOT NULL,
  `keyword` varchar(30) NOT NULL,
  `stime` datetime NOT NULL DEFAULT CURRENT_TIMESTAMP,
  PRIMARY KEY (`id`),
  KEY `uid` (`uid`),
  CONSTRAINT `uid_Search_User` FOREIGN KEY (`uid`) REFERENCES `User` (`uid`)
) ENGINE=InnoDB DEFAULT CHARSET=latin1;
/*!40101 SET character_set_client = @saved_cs_client */;

--
-- Dumping data for table `Search`
--

LOCK TABLES `Search` WRITE;
/*!40000 ALTER TABLE `Search` DISABLE KEYS */;
/*!40000 ALTER TABLE `Search` ENABLE KEYS */;
UNLOCK TABLES;

--
-- Table structure for table `Tag`
--

DROP TABLE IF EXISTS `Tag`;
/*!40101 SET @saved_cs_client     = @@character_set_client */;
/*!40101 SET character_set_client = utf8 */;
CREATE TABLE `Tag` (
  `tid` int(11) unsigned NOT NULL AUTO_INCREMENT,
  `ttitle` varchar(20) NOT NULL,
  PRIMARY KEY (`tid`)
) ENGINE=InnoDB AUTO_INCREMENT=7 DEFAULT CHARSET=latin1;
/*!40101 SET character_set_client = @saved_cs_client */;

--
-- Dumping data for table `Tag`
--

LOCK TABLES `Tag` WRITE;
/*!40000 ALTER TABLE `Tag` DISABLE KEYS */;
INSERT INTO `Tag` VALUES (1,'italian'),(2,'chinese'),(3,'vegan'),(4,'soup'),(5,'spicy'),(6,'cake');
/*!40000 ALTER TABLE `Tag` ENABLE KEYS */;
UNLOCK TABLES;

--
-- Table structure for table `Tag_Click`
--

DROP TABLE IF EXISTS `Tag_Click`;
/*!40101 SET @saved_cs_client     = @@character_set_client */;
/*!40101 SET character_set_client = utf8 */;
CREATE TABLE `Tag_Click` (
  `id` int(11) unsigned NOT NULL AUTO_INCREMENT,
  `tid` int(11) unsigned NOT NULL,
  `uid` int(11) unsigned NOT NULL,
  PRIMARY KEY (`id`),
  KEY `tid` (`tid`),
  KEY `uid` (`uid`),
  CONSTRAINT `tid_TC_Tag` FOREIGN KEY (`tid`) REFERENCES `Tag` (`tid`),
  CONSTRAINT `uid_TC_User` FOREIGN KEY (`uid`) REFERENCES `User` (`uid`)
) ENGINE=InnoDB DEFAULT CHARSET=latin1;
/*!40101 SET character_set_client = @saved_cs_client */;

--
-- Dumping data for table `Tag_Click`
--

LOCK TABLES `Tag_Click` WRITE;
/*!40000 ALTER TABLE `Tag_Click` DISABLE KEYS */;
/*!40000 ALTER TABLE `Tag_Click` ENABLE KEYS */;
UNLOCK TABLES;

--
-- Table structure for table `Unit_Conversion`
--

DROP TABLE IF EXISTS `Unit_Conversion`;
/*!40101 SET @saved_cs_client     = @@character_set_client */;
/*!40101 SET character_set_client = utf8 */;
CREATE TABLE `Unit_Conversion` (
  `unit_name` varchar(20) NOT NULL,
  `quantity_in_gram` double unsigned NOT NULL,
  PRIMARY KEY (`unit_name`)
) ENGINE=InnoDB DEFAULT CHARSET=latin1;
/*!40101 SET character_set_client = @saved_cs_client */;

--
-- Dumping data for table `Unit_Conversion`
--

LOCK TABLES `Unit_Conversion` WRITE;
/*!40000 ALTER TABLE `Unit_Conversion` DISABLE KEYS */;
INSERT INTO `Unit_Conversion` VALUES ('gram',1),('ounce',28.3),('pinch',0.25),('teaspoon',5);
/*!40000 ALTER TABLE `Unit_Conversion` ENABLE KEYS */;
UNLOCK TABLES;

--
-- Table structure for table `User`
--

DROP TABLE IF EXISTS `User`;
/*!40101 SET @saved_cs_client     = @@character_set_client */;
/*!40101 SET character_set_client = utf8 */;
CREATE TABLE `User` (
  `uid` int(11) unsigned NOT NULL AUTO_INCREMENT,
  `uname` varchar(45) NOT NULL,
  `upassword` varchar(45) NOT NULL,
  `name` varchar(100) DEFAULT NULL,
  `uprofile` text,
  PRIMARY KEY (`uid`),
  UNIQUE KEY `uname` (`uname`)
) ENGINE=InnoDB AUTO_INCREMENT=7 DEFAULT CHARSET=latin1;
/*!40101 SET character_set_client = @saved_cs_client */;

--
-- Dumping data for table `User`
--

LOCK TABLES `User` WRITE;
/*!40000 ALTER TABLE `User` DISABLE KEYS */;
INSERT INTO `User` VALUES (1,'lululiu008','123456','Yiwei Liu',NULL),(2,'licheng173','e10adc3949ba59abbe56e057f20f883e','Cheng Li',NULL),(3,'fgl','123456','Gulin Fu',NULL),(4,'cl','asdf','Changyuan Li',NULL),(5,'yds','df34ty','Yandong Sun',NULL),(6,'yiwei','e10adc3949ba59abbe56e057f20f883e','Yiwei Liu',NULL);
/*!40000 ALTER TABLE `User` ENABLE KEYS */;
UNLOCK TABLES;
/*!40103 SET TIME_ZONE=@OLD_TIME_ZONE */;

/*!40101 SET SQL_MODE=@OLD_SQL_MODE */;
/*!40014 SET FOREIGN_KEY_CHECKS=@OLD_FOREIGN_KEY_CHECKS */;
/*!40014 SET UNIQUE_CHECKS=@OLD_UNIQUE_CHECKS */;
/*!40101 SET CHARACTER_SET_CLIENT=@OLD_CHARACTER_SET_CLIENT */;
/*!40101 SET CHARACTER_SET_RESULTS=@OLD_CHARACTER_SET_RESULTS */;
/*!40101 SET COLLATION_CONNECTION=@OLD_COLLATION_CONNECTION */;
/*!40111 SET SQL_NOTES=@OLD_SQL_NOTES */;

-- Dump completed on 2016-12-06 22:16:34
